program_id,program_name,department_code,department_name,section,fund_type,fiscal_year,amount,positions,ceiling,allocation_type,category,subcategory,notes,fund_category
AGR101,FINANCIAL ASSISTANCE FOR AGRICULTURE,AGR,AGR,Operating,A,2026,874338.0,,,,Economic Development,,,General Funds
AGR101,FINANCIAL ASSISTANCE FOR AGRICULTURE,AGR,AGR,Operating,W,2026,5500000.0,,,,Economic Development,,,Revolving Funds
AGR122,PLANT PEST AND DISEASE CONTROL,AGR,AGR,Operating,A,2026,21335989.0,,,,Economic Development,,,General Funds
AGR122,PLANT PEST AND DISEASE CONTROL,AGR,AGR,Operating,B,2026,4130800.0,,,,Economic Development,,,Special Funds
AGR122,PLANT PEST AND DISEASE CONTROL,AGR,AGR,Operating,T,2026,512962.0,,,,Economic Development,,,Trust Funds
AGR122,PLANT PEST AND DISEASE CONTROL,AGR,AGR,Operating,U,2026,212095.0,,,,Economic Development,,,Interdepartmental Transfers
AGR122,PLANT PEST AND DISEASE CONTROL,AGR,AGR,Operating,W,2026,50360.0,,,,Economic Development,,,Revolving Funds
AGR122,PLANT PEST AND DISEASE CONTROL,AGR,AGR,Operating,P,2026,365946.0,,,,Economic Development,,,Other Federal Funds
AGR131,RABIES QUARANTINE,AGR,AGR,Operating,B,2026,4781110.0,,,,Economic Development,,,Special Funds
AGR132,ANIMAL DISEASE CONTROL,AGR,AGR,Operating,P,2026,306941.0,,,,Economic Development,,,Other Federal Funds
AGR132,ANIMAL DISEASE CONTROL,AGS,AGS,Capital Improvement,C,2026,7000000.0,,,,Economic Development,,,General Obligation Bond Fund
AGR132,ANIMAL DISEASE CONTROL,AGR,AGR,Operating,B,2026,47802.0,,,,Economic Development,,,Special Funds
AGR132,ANIMAL DISEASE CONTROL,AGR,AGR,Operating,A,2026,3421755.0,,,,Economic Development,,,General Funds
AGR141,AGRICULTURAL RESOURCE MANAGEMENT,AGR,AGR,Operating,B,2026,2851320.0,,,,Economic Development,,,Special Funds
AGR141,AGRICULTURAL RESOURCE MANAGEMENT,AGR,AGR,Operating,W,2026,2747123.0,,,,Economic Development,,,Revolving Funds
AGR141,AGRICULTURAL RESOURCE MANAGEMENT,AGR,AGR,Capital Improvement,C,2026,5000000.0,,,,Economic Development,,,General Obligation Bond Fund
AGR141,AGRICULTURAL RESOURCE MANAGEMENT,AGR,AGR,Capital Improvement,N,2026,1000.0,,,,Economic Development,,Investment Capital - Fund Type: N,Federal Funds
AGR141,AGRICULTURAL RESOURCE MANAGEMENT,AGR,AGR,Operating,A,2026,4221136.0,,,,Economic Development,,,General Funds
AGR151,QUALITY AND PRICE ASSURANCE,AGR,AGR,Operating,B,2026,109046.0,,,,Economic Development,,,Special Funds
AGR151,QUALITY AND PRICE ASSURANCE,AGR,AGR,Operating,P,2026,138624.0,,,,Economic Development,,,Other Federal Funds
AGR151,QUALITY AND PRICE ASSURANCE,AGR,AGR,Operating,W,2026,186848.0,,,,Economic Development,,,Revolving Funds
AGR151,QUALITY AND PRICE ASSURANCE,AGR,AGR,Operating,T,2026,300000.0,,,,Economic Development,,,Trust Funds
AGR151,QUALITY AND PRICE ASSURANCE,AGR,AGR,Operating,N,2026,100000.0,,,,Economic Development,,,Federal Funds
AGR151,QUALITY AND PRICE ASSURANCE,AGR,AGR,Operating,A,2026,1826443.0,,,,Economic Development,,,General Funds
AGR153,AQUACULTURE DEVELOPMENT,AGR,AGR,Operating,A,2026,978519.0,,,,Economic Development,,,General Funds
AGR153,AQUACULTURE DEVELOPMENT,AGR,AGR,Operating,B,2026,125000.0,,,,Economic Development,,,Special Funds
AGR171,AGRICULTURAL DEVELOPMENT AND MARKETING,AGR,AGR,Operating,P,2026,5289219.0,,,,Economic Development,,,Other Federal Funds
AGR171,AGRICULTURAL DEVELOPMENT AND MARKETING,AGR,AGR,Operating,N,2026,2051568.0,,,,Economic Development,,,Federal Funds
AGR171,AGRICULTURAL DEVELOPMENT AND MARKETING,AGR,AGR,Operating,B,2026,15000.0,,,,Economic Development,,,Special Funds
AGR171,AGRICULTURAL DEVELOPMENT AND MARKETING,AGR,AGR,Operating,A,2026,1109694.0,,,,Economic Development,,,General Funds
AGR192,GENERAL ADMINISTRATION FOR AGRICULTURE,AGS,AGS,Capital Improvement,C,2026,1900000.0,,,,Economic Development,,,General Obligation Bond Fund
AGR192,GENERAL ADMINISTRATION FOR AGRICULTURE,AGR,AGR,Operating,A,2026,5580886.0,,,,Economic Development,,,General Funds
AGR192,GENERAL ADMINISTRATION FOR AGRICULTURE,P,P,Operating,P,2026,164450.0,,,,Economic Development,,,Other Federal Funds
AGR812,MEASUREMENT STANDARDS,AGR,AGR,Operating,A,2026,746480.0,,,,Individual Rights,,,General Funds
AGR846,PESTICIDES,AGR,AGR,Operating,P,2026,464629.0,,,,Environment,,,Other Federal Funds
AGR846,PESTICIDES,AGR,AGR,Operating,A,2026,2729255.0,,,,Environment,,,General Funds
AGR846,PESTICIDES,AGR,AGR,Operating,W,2026,2598038.0,,,,Environment,,,Revolving Funds
AGS101,ACCOUNTING SYSTEM DEVELOPMENT AND MAINTENANCE,AGS,AGS,Operating,A,2026,10964409.0,,,,Government Operations,,,General Funds
AGS102,EXPENDITURE EXAMINATION,AGS,AGS,Operating,A,2026,1628950.0,,,,Government Operations,,,General Funds
AGS103,RECORDING AND REPORTING,AGS,AGS,Operating,A,2026,1386549.0,,,,Government Operations,,,General Funds
AGS104,INTERNAL POST AUDIT,AGS,AGS,Operating,A,2026,1023968.0,,,,Government Operations,,,General Funds
AGS105,ENFORCEMENT OF INFORMATION PRACTICES,AGS,AGS,Operating,A,2026,1258905.0,,,,Individual Rights,,,General Funds
AGS111,ARCHIVES - RECORDS MANAGEMENT,AGS,AGS,Operating,A,2026,4383125.0,,,,Government Operations,,,General Funds
AGS111,ARCHIVES - RECORDS MANAGEMENT,AGS,AGS,Operating,B,2026,521304.0,,,,Government Operations,,,Special Funds
AGS131,ENTERPRISE TECHNOLOGY SERVICES,AGS,AGS,Operating,B,2026,2578244.0,,,,Government Operations,,,Special Funds
AGS131,ENTERPRISE TECHNOLOGY SERVICES,AGS,AGS,Capital Improvement,C,2026,4000000.0,,,,Government Operations,,,General Obligation Bond Fund
AGS131,ENTERPRISE TECHNOLOGY SERVICES,AGS,AGS,Operating,U,2026,6315295.0,,,,Government Operations,,,Interdepartmental Transfers
AGS131,ENTERPRISE TECHNOLOGY SERVICES,AGS,AGS,Operating,A,2026,51336206.0,,,,Government Operations,,,General Funds
AGS203,STATE RISK MANAGEMENT AND INSURANCE ADMINISTRATION,AGS,AGS,Operating,A,2026,26987995.0,,,,Government Operations,,,General Funds
AGS203,STATE RISK MANAGEMENT AND INSURANCE ADMINISTRATION,AGS,AGS,Operating,W,2026,25701949.0,,,,Government Operations,,,Revolving Funds
AGS211,LAND SURVEY,AGS,AGS,Operating,A,2026,913342.0,,,,Government Operations,,,General Funds
AGS211,LAND SURVEY,AGS,AGS,Operating,U,2026,285000.0,,,,Government Operations,,,Interdepartmental Transfers
AGS221,"PUBLIC WORKS - PLANNING, DESIGN, AND CONSTRUCTION",AGS,AGS,Operating,A,2026,8105782.0,,,,Government Operations,,,General Funds
AGS221,"PUBLIC WORKS - PLANNING, DESIGN, AND CONSTRUCTION",AGS,AGS,Operating,W,2026,4000000.0,,,,Government Operations,,,Revolving Funds
AGS221,"PUBLIC WORKS - PLANNING, DESIGN, AND CONSTRUCTION",AGS,AGS,Capital Improvement,C,2026,24004000.0,,,,Government Operations,,,General Obligation Bond Fund
AGS223,OFFICE LEASING,AGS,AGS,Operating,U,2026,5500000.0,,,,Government Operations,,,Interdepartmental Transfers
AGS223,OFFICE LEASING,AGS,AGS,Operating,A,2026,7177674.0,,,,Government Operations,,,General Funds
AGS231,CENTRAL SERVICES - CUSTODIAL SERVICES,AGS,AGS,Operating,A,2026,25792541.0,,,,Government Operations,,,General Funds
AGS231,CENTRAL SERVICES - CUSTODIAL SERVICES,AGS,AGS,Operating,U,2026,1699084.0,,,,Government Operations,,,Interdepartmental Transfers
AGS232,CENTRAL SERVICES - GROUNDS MAINTENANCE,AGS,AGS,Operating,A,2026,2669822.0,,,,Government Operations,,,General Funds
AGS233,CENTRAL SERVICES - BUILDING REPAIRS AND ALTERATIONS,AGS,AGS,Operating,A,2026,3692561.0,,,,Government Operations,,,General Funds
AGS234,CENTRAL SERVICES - CEMETERY MANAGEMENT OFFICE,AGS,AGS,Operating,A,2026,1088500.0,,,,Government Operations,,,General Funds
AGS240,STATE PROCUREMENT,AGS,AGS,Operating,A,2026,2203297.0,,,,Government Operations,,,General Funds
AGS244,SURPLUS PROPERTY MANAGEMENT,AGS,AGS,Operating,W,2026,2006599.0,,,,Government Operations,,,Revolving Funds
AGS251,AUTOMOTIVE MANAGEMENT - MOTOR POOL,AGS,AGS,Operating,W,2026,3541577.0,,,,Government Operations,,,Revolving Funds
AGS252,AUTOMOTIVE MANAGEMENT - PARKING CONTROL,AGS,AGS,Operating,W,2026,4563614.0,,,,Government Operations,,,Revolving Funds
AGS807,"SCHOOL R&M, NEIGHBOR ISLAND DISTRICTS",AGS,AGS,Operating,A,2026,6973068.0,,,,Education,,,General Funds
AGS807,"SCHOOL R&M, NEIGHBOR ISLAND DISTRICTS",AGS,AGS,Operating,U,2026,2346640.0,,,,Education,,,Interdepartmental Transfers
AGS871,CAMPAIGN SPENDING COMMISSION,AGS,AGS,Operating,T,2026,1043732.0,,,,Government Operations,,,Trust Funds
AGS871,CAMPAIGN SPENDING COMMISSION,AGS,AGS,Operating,A,2026,2757314.0,,,,Government Operations,,,General Funds
AGS879,OFFICE OF ELECTIONS,AGS,AGS,Operating,N,2026,99694.0,,,,Government Operations,,,Federal Funds
AGS879,OFFICE OF ELECTIONS,AGS,AGS,Operating,A,2026,6452228.0,,,,Government Operations,,,General Funds
AGS881,STATE FOUNDATION ON CULTURE AND THE ARTS,AGS,AGS,Operating,A,2026,10435556.0,,,,Culture and Recreation,,,General Funds
AGS881,STATE FOUNDATION ON CULTURE AND THE ARTS,AGS,AGS,Operating,B,2026,3335150.0,,,,Culture and Recreation,,,Special Funds
AGS881,STATE FOUNDATION ON CULTURE AND THE ARTS,AGS,AGS,Capital Improvement,C,2026,8500000.0,,,,Culture and Recreation,,,General Obligation Bond Fund
AGS881,STATE FOUNDATION ON CULTURE AND THE ARTS,AGS,AGS,Operating,N,2026,523074.0,,,,Culture and Recreation,,,Federal Funds
AGS891,ENHANCED 911 BOARD,AGS,AGS,Operating,B,2026,14035349.0,,,,Government Operations,,,Special Funds
AGS901,GENERAL ADMINISTRATIVE SERVICES,AGS,AGS,Capital Improvement,C,2026,35000000.0,,,,Government Operations,,,General Obligation Bond Fund
AGS901,GENERAL ADMINISTRATIVE SERVICES,AGS,AGS,Operating,A,2026,5905937.0,,,,Government Operations,,,General Funds
ATG100,LEGAL SERVICES,ATG,ATG,Operating,W,2026,3539882.0,,,,Government Operations,,,Revolving Funds
ATG100,LEGAL SERVICES,ATG,ATG,Operating,B,2026,6484008.0,,,,Government Operations,,,Special Funds
ATG100,LEGAL SERVICES,ATG,ATG,Operating,A,2026,47212444.0,,,,Government Operations,,,General Funds
ATG100,LEGAL SERVICES,ATG,ATG,Operating,T,2026,4065177.0,,,,Government Operations,,,Trust Funds
ATG100,LEGAL SERVICES,ATG,ATG,Operating,U,2026,21765719.0,,,,Government Operations,,,Interdepartmental Transfers
ATG100,LEGAL SERVICES,ATG,ATG,Operating,N,2026,11641670.0,,,,Government Operations,,,Federal Funds
ATG100,LEGAL SERVICES,ATG,ATG,Operating,P,2026,4890531.0,,,,Government Operations,,,Other Federal Funds
ATG231,STATE CRIMINAL JUSTICE INFORMATION AND IDENTIFICATION,ATG,ATG,Operating,A,2026,2614592.0,,,,Public Safety,,,General Funds
ATG231,STATE CRIMINAL JUSTICE INFORMATION AND IDENTIFICATION,ATG,ATG,Operating,P,2026,1204841.0,,,,Public Safety,,,Other Federal Funds
ATG231,STATE CRIMINAL JUSTICE INFORMATION AND IDENTIFICATION,ATG,ATG,Operating,W,2026,4370515.0,,,,Public Safety,,,Revolving Funds
ATG500,CHILD SUPPORT ENFORCEMENT SERVICES,ATG,ATG,Operating,P,2026,20006088.0,,,,Human Services,,,Other Federal Funds
ATG500,CHILD SUPPORT ENFORCEMENT SERVICES,ATG,ATG,Operating,T,2026,2231224.0,,,,Human Services,,,Trust Funds
ATG500,CHILD SUPPORT ENFORCEMENT SERVICES,ATG,ATG,Operating,A,2026,5448469.0,,,,Human Services,,,General Funds
BED100,STRATEGIC MARKETING AND SUPPORT,BED,BED,Operating,A,2026,3893040.0,,,,Economic Development,,,General Funds
BED100,STRATEGIC MARKETING AND SUPPORT,BED,BED,Operating,W,2026,1823499.0,,,,Economic Development,,,Revolving Funds
BED100,STRATEGIC MARKETING AND SUPPORT,BED,BED,Operating,P,2026,700000.0,,,,Economic Development,,,Other Federal Funds
BED101,OFFICE OF INTERNATIONAL AFFAIRS,BED,BED,Operating,A,2026,400000.0,,,,Economic Development,,,General Funds
BED101,OFFICE OF INTERNATIONAL AFFAIRS,BED,BED,Capital Improvement,C,2026,5000000.0,,,,Economic Development,,,General Obligation Bond Fund
BED105,CREATIVE INDUSTRIES DIVISION,BED,BED,Operating,A,2026,1885986.0,,,,Economic Development,,,General Funds
BED105,CREATIVE INDUSTRIES DIVISION,BED,BED,Operating,B,2026,1080000.0,,,,Economic Development,,,Special Funds
BED107,FOREIGN TRADE ZONE,BED,BED,Operating,B,2026,2796043.0,,,,Economic Development,,,Special Funds
BED113,HAWAII TOURISM AUTHORITY - ADMINISTRATION AND GOVERNANCE,BED,BED,Operating,A,2026,3696660.0,,,,Economic Development,,,General Funds
BED113,HAWAII TOURISM AUTHORITY - ADMINISTRATION AND GOVERNANCE,BED,BED,Capital Improvement,C,2026,36400000.0,,,,Economic Development,,,General Obligation Bond Fund
BED113,HAWAII TOURISM AUTHORITY - ADMINISTRATION AND GOVERNANCE,BED,BED,Operating,B,2026,26977020.0,,,,Economic Development,,,Special Funds
BED114,HAWAII TOURISM AUTHORITY - BRANDING AND MARKETING,BED,BED,Operating,A,2026,39249201.0,,,,Economic Development,,,General Funds
BED115,HAWAII TOURISM AUTHORITY – SPORTS AND SIGNATURE EVENTS,BED,BED,Operating,A,2026,7318075.0,,,,Economic Development,,,General Funds
BED116,HAWAII TOURISM AUTHORITY – DESTINATION STEWARDSHIP AND,BED,BED,Operating,A,2026,7923883.0,,,,Economic Development,,,General Funds
BED117,HAWAII TOURISM AUTHORITY – REGENERATIVE TOURISM DEVELOPMENT,BED,BED,Operating,A,2026,3762181.0,,,,Economic Development,,,General Funds
BED118,HAWAII TOURISM AUTHORITY – WORKFORCE DEVELOPMENT,BED,BED,Operating,A,2026,1050000.0,,,,Economic Development,,,General Funds
BED120,HAWAII STATE ENERGY OFFICE,BED,BED,Operating,T,2026,7146250.0,,,,Economic Development,,,Trust Funds
BED120,HAWAII STATE ENERGY OFFICE,BED,BED,Operating,B,2026,795000.0,,,,Economic Development,,,Special Funds
BED120,HAWAII STATE ENERGY OFFICE,BED,BED,Operating,A,2026,2571816.0,,,,Economic Development,,,General Funds
BED130,ECONOMIC PLANNING AND RESEARCH,BED,BED,Operating,A,2026,5744533.0,,,,Government Operations,,,General Funds
BED130,ECONOMIC PLANNING AND RESEARCH,BED,BED,Operating,P,2026,864351.0,,,,Government Operations,,,Other Federal Funds
BED138,HAWAII GREEN INFRASTRUCTURE AUTHORITY,BED,BED,Operating,B,2026,86633318.0,,,,Economic Development,,,Special Funds
BED138,HAWAII GREEN INFRASTRUCTURE AUTHORITY,BED,BED,Operating,P,2026,444261.0,,,,Economic Development,,,Other Federal Funds
BED142,GENERAL SUPPORT FOR ECONOMIC DEVELOPMENT,BED,BED,Operating,A,2026,3802604.0,,,,Economic Development,,,General Funds
BED143,HAWAII TECHNOLOGY DEVELOPMENT CORPORATION,BED,BED,Operating,A,2026,4701795.0,,,,Economic Development,,,General Funds
BED143,HAWAII TECHNOLOGY DEVELOPMENT CORPORATION,BED,BED,Operating,W,2026,2017203.0,,,,Economic Development,,,Revolving Funds
BED143,HAWAII TECHNOLOGY DEVELOPMENT CORPORATION,BED,BED,Operating,P,2026,994214.0,,,,Economic Development,,,Other Federal Funds
BED143,HAWAII TECHNOLOGY DEVELOPMENT CORPORATION,BED,BED,Operating,B,2026,1604258.0,,,,Economic Development,,,Special Funds
BED144,STATEWIDE PLANNING AND COORDINATION,BED,BED,Operating,A,2026,4580161.0,,,,Government Operations,,,General Funds
BED144,STATEWIDE PLANNING AND COORDINATION,BED,BED,Operating,N,2026,2041871.0,,,,Government Operations,,,Federal Funds
BED144,STATEWIDE PLANNING AND COORDINATION,BED,BED,Operating,W,2026,2000000.0,,,,Government Operations,,,Revolving Funds
BED144,STATEWIDE PLANNING AND COORDINATION,BED,BED,Capital Improvement,C,2026,7500000.0,,,,Government Operations,,,General Obligation Bond Fund
BED146,NATURAL ENERGY LABORATORY OF HAWAII AUTHORITY,BED,BED,Operating,B,2026,7929310.0,,,,Economic Development,,,Special Funds
BED150,HAWAII COMMUNITY DEVELOPMENT AUTHORITY,BED,BED,Operating,A,2026,1526750.0,,,,Economic Development,,,General Funds
BED150,HAWAII COMMUNITY DEVELOPMENT AUTHORITY,BED,BED,Operating,B,2026,2554972.0,,,,Economic Development,,,Special Funds
BED150,HAWAII COMMUNITY DEVELOPMENT AUTHORITY,BED,BED,Capital Improvement,C,2026,38000000.0,,,,Economic Development,,,General Obligation Bond Fund
BED160,HAWAII HOUSING FINANCE AND DEVELOPMENT CORPORATION,BED,BED,Capital Improvement,C,2026,100000000.0,,,,Economic Development,,,General Obligation Bond Fund
BED160,HAWAII HOUSING FINANCE AND DEVELOPMENT CORPORATION,BED,BED,Operating,P,2026,3000000.0,,,,Economic Development,,,Other Federal Funds
BED160,HAWAII HOUSING FINANCE AND DEVELOPMENT CORPORATION,BED,BED,Operating,W,2026,16060058.0,,,,Economic Development,,,Revolving Funds
BED160,HAWAII HOUSING FINANCE AND DEVELOPMENT CORPORATION,BED,BED,Operating,N,2026,3100000.0,,,,Economic Development,,,Federal Funds
BED170,AGRIBUSINESS DEVELOPMENT AND RESEARCH,BED,BED,Operating,A,2026,4825616.0,,,,Economic Development,,,General Funds
BED170,AGRIBUSINESS DEVELOPMENT AND RESEARCH,BED,BED,Operating,U,2026,82126.0,,,,Economic Development,,,Interdepartmental Transfers
BED170,AGRIBUSINESS DEVELOPMENT AND RESEARCH,BED,BED,Operating,W,2026,16259661.0,,,,Economic Development,,,Revolving Funds
BED170,AGRIBUSINESS DEVELOPMENT AND RESEARCH,BED,BED,Capital Improvement,C,2026,111201000.0,,,,Economic Development,,,General Obligation Bond Fund
BED180,SPECTATOR EVENTS & SHOWS -ALOHA STADIUM,BED,BED,Operating,B,2026,8772356.0,,,,Culture and Recreation,,,Special Funds
BUF101,DEPARTMENTAL ADMINISTRATION AND BUDGET DIVISION,BUF,BUF,Operating,A,2026,14051217.0,,,,Government Operations,,,General Funds
BUF101,DEPARTMENTAL ADMINISTRATION AND BUDGET DIVISION,BUF,BUF,Operating,B,2026,427305000.0,,,,Government Operations,,,Special Funds
BUF103,VACATION PAYOUT - STATEWIDE,BUF,BUF,Operating,A,2026,9700000.0,,,,Government Operations,,,General Funds
BUF115,FINANCIAL ADMINISTRATION,BUF,BUF,Operating,T,2026,15957630.0,,,,Government Operations,,,Trust Funds
BUF115,FINANCIAL ADMINISTRATION,BUF,BUF,Operating,A,2026,2870681.0,,,,Government Operations,,,General Funds
BUF141,EMPLOYEES’ RETIREMENT SYSTEM,BUF,BUF,Operating,X,2026,30773357.0,,,,Government Operations,,,Other Funds
BUF143,HAWAII EMPLOYER UNION TRUST FUND,BUF,BUF,Operating,T,2026,11193297.0,,,,Government Operations,,,Trust Funds
BUF151,OFFICE OF THE PUBLIC DEFENDER,BUF,BUF,Operating,A,2026,15137691.0,,,,Individual Rights,,,General Funds
BUF721,DEBT SERVICE PAYMENTS - STATE,BUF,BUF,Operating,A,2026,668429515.0,,,,Government Operations,,,General Funds
BUF725,DEBT SERVICE PAYMENTS - DOE,BUF,BUF,Operating,A,2026,446515250.0,,,,Education,,,General Funds
BUF728,DEBT SERVICE PAYMENTS - UH,BUF,BUF,Operating,A,2026,165254696.0,,,,Education,,,General Funds
BUF741,RETIREMENT BENEFITS - STATE,BUF,BUF,Operating,U,2026,4000000.0,,,,Government Operations,,,Interdepartmental Transfers
BUF741,RETIREMENT BENEFITS - STATE,BUF,BUF,Operating,A,2026,512718644.0,,,,Government Operations,,,General Funds
BUF745,RETIREMENT BENEFITS - DOE,BUF,BUF,Operating,A,2026,552407076.0,,,,Education,,,General Funds
BUF748,RETIREMENT BENEFITS - UH,BUF,BUF,Operating,A,2026,219919128.0,,,,Education,,,General Funds
BUF761,HEALTH PREMIUM PAYMENTS - STATE,BUF,BUF,Operating,A,2026,158214808.0,,,,Government Operations,,,General Funds
BUF762,HEALTH PREMIUM PAYMENT FOR ANNUAL REQUIRED CONTRIBUTION (ARC).,BUF,BUF,Operating,A,2026,838506000.0,,,,Government Operations,,,General Funds
BUF765,HEALTH PREMIUM PAYMENTS - DOE,BUF,BUF,Operating,A,2026,187755868.0,,,,Education,,,General Funds
BUF768,HEALTH PREMIUM PAYMENTS - UH,BUF,BUF,Operating,A,2026,68661870.0,,,,Education,,,General Funds
CCA102,CABLE TELEVISION,CCA,CCA,Operating,B,2026,2511181.0,,,,Individual Rights,,,Special Funds
CCA103,"CONSUMER ADVOCATE FOR COMMUNICATION, UTILITIES, AND",CCA,CCA,Operating,B,2026,4944320.0,,,,Individual Rights,,,Special Funds
CCA104,FINANCIAL SERVICES REGULATION,CCA,CCA,Operating,B,2026,6417109.0,,,,Individual Rights,,,Special Funds
CCA104,FINANCIAL SERVICES REGULATION,CCA,CCA,Operating,T,2026,301000.0,,,,Individual Rights,,,Trust Funds
CCA105,PROFESSIONAL AND VOCATIONAL LICENSING,CCA,CCA,Operating,T,2026,2880256.0,,,,Individual Rights,,,Trust Funds
CCA105,PROFESSIONAL AND VOCATIONAL LICENSING,CCA,CCA,Operating,B,2026,9909730.0,,,,Individual Rights,,,Special Funds
CCA106,INSURANCE REGULATORY SERVICES,CCA,CCA,Operating,T,2026,201000.0,,,,Individual Rights,,,Trust Funds
CCA106,INSURANCE REGULATORY SERVICES,CCA,CCA,Operating,B,2026,23746784.0,,,,Individual Rights,,,Special Funds
CCA107,POST-SECONDARY EDUCATION AUTHORIZATION,CCA,CCA,Operating,B,2026,249052.0,,,,Individual Rights,,,Special Funds
CCA110,OFFICE OF CONSUMER PROTECTION,CCA,CCA,Operating,B,2026,3833679.0,,,,Individual Rights,,,Special Funds
CCA110,OFFICE OF CONSUMER PROTECTION,CCA,CCA,Operating,T,2026,100681.0,,,,Individual Rights,,,Trust Funds
CCA111,BUSINESS REGISTRATION AND SECURITIES REGULATION,CCA,CCA,Operating,B,2026,10459932.0,,,,Individual Rights,,,Special Funds
CCA112,REGULATED INDUSTRIES COMPLAINTS OFFICE,CCA,CCA,Operating,B,2026,8930940.0,,,,Individual Rights,,,Special Funds
CCA191,GENERAL SUPPORT,CCA,CCA,Operating,B,2026,24860659.0,,,,Individual Rights,,,Special Funds
CCA901,PUBLIC UTILITIES COMMISSION,CCA,CCA,Operating,B,2026,19725310.0,,,,Individual Rights,,,Special Funds
DEF110,AMELIORATION OF PHYSICAL DISASTERS,DEF,DEF,Operating,P,2026,1430238.0,,,,Public Safety,,,Other Federal Funds
DEF110,AMELIORATION OF PHYSICAL DISASTERS,DEF,DEF,Operating,A,2026,10455364.0,,,,Public Safety,,,General Funds
DEF110,AMELIORATION OF PHYSICAL DISASTERS,DEF,DEF,Capital Improvement,C,2026,725000.0,,,,Public Safety,,,General Obligation Bond Fund
DEF112,SERVICES TO VETERANS,DEF,DEF,Capital Improvement,P,2026,58000000.0,,,,Human Services,,Investment Capital - Fund Type: P,Other Federal Funds
DEF112,SERVICES TO VETERANS,DEF,DEF,Operating,A,2026,2066978.0,,,,Human Services,,,General Funds
DEF112,SERVICES TO VETERANS,DEF,DEF,Capital Improvement,C,2026,35000000.0,,,,Human Services,,,General Obligation Bond Fund
DEF114,HAWAII NATIONAL GUARD YOUTH CHALLENGE ACADEMY,DEF,DEF,Capital Improvement,C,2026,8000000.0,,,,Education,,,General Obligation Bond Fund
DEF114,HAWAII NATIONAL GUARD YOUTH CHALLENGE ACADEMY,DEF,DEF,Operating,P,2026,6482477.0,,,,Education,,,Other Federal Funds
DEF114,HAWAII NATIONAL GUARD YOUTH CHALLENGE ACADEMY,DEF,DEF,Operating,A,2026,3885050.0,,,,Education,,,General Funds
DEF116,HAWAII ARMY AND AIR NATIONAL GUARD,DEF,DEF,Operating,A,2026,7081247.0,,,,Public Safety,,,General Funds
DEF116,HAWAII ARMY AND AIR NATIONAL GUARD,DEF,DEF,Operating,P,2026,40051745.0,,,,Public Safety,,,Other Federal Funds
DEF116,HAWAII ARMY AND AIR NATIONAL GUARD,DEF,DEF,Capital Improvement,P,2026,3223000.0,,,,Public Safety,,Investment Capital - Fund Type: P,Other Federal Funds
DEF116,HAWAII ARMY AND AIR NATIONAL GUARD,DEF,DEF,Capital Improvement,C,2026,1173000.0,,,,Public Safety,,,General Obligation Bond Fund
DEF118,HAWAII EMERGENCY MANAGEMENT AGENCY,AGS,AGS,Capital Improvement,P,2026,1500000.0,,,,Public Safety,,Investment Capital - Fund Type: P,Other Federal Funds
DEF118,HAWAII EMERGENCY MANAGEMENT AGENCY,DEF,DEF,Operating,N,2026,4156958.0,,,,Public Safety,,,Federal Funds
DEF118,HAWAII EMERGENCY MANAGEMENT AGENCY,DEF,DEF,Operating,B,2026,500000.0,,,,Public Safety,,,Special Funds
DEF118,HAWAII EMERGENCY MANAGEMENT AGENCY,DEF,DEF,Operating,W,2026,500000.0,,,,Public Safety,,,Revolving Funds
DEF118,HAWAII EMERGENCY MANAGEMENT AGENCY,AGS,AGS,Capital Improvement,C,2026,6500000.0,,,,Public Safety,,,General Obligation Bond Fund
DEF118,HAWAII EMERGENCY MANAGEMENT AGENCY,DEF,DEF,Operating,A,2026,14097375.0,,,,Public Safety,,,General Funds
DEF118,HAWAII EMERGENCY MANAGEMENT AGENCY,DEF,DEF,Operating,P,2026,22497034.0,,,,Public Safety,,,Other Federal Funds
EDN100,SCHOOL-BASED BUDGETING,EDN,EDN,Operating,A,2026,1301966939.0,,,,Education,,,General Funds
EDN100,SCHOOL-BASED BUDGETING,EDN,EDN,Operating,B,2026,5251693.0,,,,Education,,,Special Funds
EDN100,SCHOOL-BASED BUDGETING,EDN,EDN,Operating,N,2026,167203642.0,,,,Education,,,Federal Funds
EDN100,SCHOOL-BASED BUDGETING,EDN,EDN,Operating,T,2026,13390000.0,,,,Education,,,Trust Funds
EDN100,SCHOOL-BASED BUDGETING,EDN,EDN,Operating,U,2026,7495605.0,,,,Education,,,Interdepartmental Transfers
EDN100,SCHOOL-BASED BUDGETING,EDN,EDN,Operating,W,2026,3239686.0,,,,Education,,,Revolving Funds
EDN100,SCHOOL-BASED BUDGETING,EDN,EDN,Capital Improvement,C,2026,323300000.0,,,,Education,,,General Obligation Bond Fund
EDN100,SCHOOL-BASED BUDGETING,EDN,EDN,Operating,P,2026,21414657.0,,,,Education,,,Other Federal Funds
EDN150,SPECIAL EDUCATION AND STUDENT SUPPORT SERVICES,EDN,EDN,Operating,B,2026,250000.0,,,,Education,,,Special Funds
EDN150,SPECIAL EDUCATION AND STUDENT SUPPORT SERVICES,EDN,EDN,Operating,W,2026,11000000.0,,,,Education,,,Revolving Funds
EDN150,SPECIAL EDUCATION AND STUDENT SUPPORT SERVICES,EDN,EDN,Operating,P,2026,5950000.0,,,,Education,,,Other Federal Funds
EDN150,SPECIAL EDUCATION AND STUDENT SUPPORT SERVICES,EDN,EDN,Operating,A,2026,520838678.0,,,,Education,,,General Funds
EDN150,SPECIAL EDUCATION AND STUDENT SUPPORT SERVICES,EDN,EDN,Operating,N,2026,60084267.0,,,,Education,,,Federal Funds
EDN200,INSTRUCTIONAL SUPPORT,EDN,EDN,Operating,A,2026,92999004.0,,,,Education,,,General Funds
EDN200,INSTRUCTIONAL SUPPORT,EDN,EDN,Operating,N,2026,500000.0,,,,Education,,,Federal Funds
EDN200,INSTRUCTIONAL SUPPORT,EDN,EDN,Operating,P,2026,273794.0,,,,Education,,,Other Federal Funds
EDN300,STATE ADMINISTRATION,EDN,EDN,Operating,A,2026,48692750.0,,,,Education,,,General Funds
EDN300,STATE ADMINISTRATION,EDN,EDN,Operating,N,2026,112140.0,,,,Education,,,Federal Funds
EDN300,STATE ADMINISTRATION,EDN,EDN,Operating,P,2026,3807440.0,,,,Education,,,Other Federal Funds
EDN400,SCHOOL SUPPORT,EDN,EDN,Operating,B,2026,44200920.0,,,,Education,,,Special Funds
EDN400,SCHOOL SUPPORT,EDN,EDN,Operating,N,2026,74600000.0,,,,Education,,,Federal Funds
EDN400,SCHOOL SUPPORT,EDN,EDN,Operating,R,2026,150000.0,,,,Education,,,Private Contributions
EDN400,SCHOOL SUPPORT,EDN,EDN,Operating,W,2026,11597927.0,,,,Education,,,Revolving Funds
EDN400,SCHOOL SUPPORT,EDN,EDN,Operating,P,2026,1000000.0,,,,Education,,,Other Federal Funds
EDN400,SCHOOL SUPPORT,EDN,EDN,Operating,A,2026,425299069.0,,,,Education,,,General Funds
EDN407,PUBLIC LIBRARIES,EDN,EDN,Operating,B,2026,4000000.0,,,,Education,,,Special Funds
EDN407,PUBLIC LIBRARIES,EDN,EDN,Operating,N,2026,2000000.0,,,,Education,,,Federal Funds
EDN407,PUBLIC LIBRARIES,EDN,EDN,Operating,A,2026,47850582.0,,,,Education,,,General Funds
EDN407,PUBLIC LIBRARIES,AGS,AGS,Capital Improvement,C,2026,27000000.0,,,,Education,,,General Obligation Bond Fund
EDN450,SCHOOL FACILITIES AUTHORITY,EDN,EDN,Operating,A,2026,1731283.0,,,,Education,,,General Funds
EDN450,SCHOOL FACILITIES AUTHORITY,EDN,EDN,Capital Improvement,C,2026,55000000.0,,,,Education,,,General Obligation Bond Fund
EDN500,SCHOOL COMMUNITY SERVICES,EDN,EDN,Operating,B,2026,1633908.0,,,,Education,,,Special Funds
EDN500,SCHOOL COMMUNITY SERVICES,EDN,EDN,Operating,A,2026,6296201.0,,,,Education,,,General Funds
EDN500,SCHOOL COMMUNITY SERVICES,EDN,EDN,Operating,W,2026,23224665.0,,,,Education,,,Revolving Funds
EDN500,SCHOOL COMMUNITY SERVICES,EDN,EDN,Operating,P,2026,300000.0,,,,Education,,,Other Federal Funds
EDN500,SCHOOL COMMUNITY SERVICES,EDN,EDN,Operating,N,2026,3266757.0,,,,Education,,,Federal Funds
EDN600,CHARTER SCHOOLS,EDN,EDN,Operating,A,2026,159798565.0,,,,Education,,,General Funds
EDN600,CHARTER SCHOOLS,EDN,EDN,Operating,N,2026,5042000.0,,,,Education,,,Federal Funds
EDN612,CHARTER SCHOOLS COMMISSION AND ADMINISTRATION,EDN,EDN,Operating,N,2026,1800000.0,,,,Education,,,Federal Funds
EDN612,CHARTER SCHOOLS COMMISSION AND ADMINISTRATION,EDN,EDN,Operating,A,2026,12554269.0,,,,Education,,,General Funds
EDN700,EARLY LEARNING,EDN,EDN,Operating,P,2026,380000.0,,,,Education,,,Other Federal Funds
EDN700,EARLY LEARNING,EDN,EDN,Operating,N,2026,125628.0,,,,Education,,,Federal Funds
EDN700,EARLY LEARNING,EDN,EDN,Operating,A,2026,21305769.0,,,,Education,,,General Funds
EDN700,EARLY LEARNING,EDN,EDN,Operating,B,2026,3000000.0,,,,Education,,,Special Funds
GOV100,OFFICE OF THE GOVERNOR,GOV,GOV,Operating,A,2026,4701872.0,,,,Government Operations,,,General Funds
HHL602,PLANNING AND DEVELOPMENT FOR HAWAIIAN HOMESTEADS,HHL,HHL,Operating,B,2026,101866373.0,,,,Human Services,,,Special Funds
HHL602,PLANNING AND DEVELOPMENT FOR HAWAIIAN HOMESTEADS,HHL,HHL,Operating,N,2026,24126731.0,,,,Human Services,,,Federal Funds
HHL602,PLANNING AND DEVELOPMENT FOR HAWAIIAN HOMESTEADS,HHL,HHL,Operating,P,2026,393600.0,,,,Human Services,,,Other Federal Funds
HHL602,PLANNING AND DEVELOPMENT FOR HAWAIIAN HOMESTEADS,HHL,HHL,Operating,W,2026,7000000.0,,,,Human Services,,,Revolving Funds
HHL602,PLANNING AND DEVELOPMENT FOR HAWAIIAN HOMESTEADS,HHL,HHL,Capital Improvement,C,2026,20000000.0,,,,Human Services,,,General Obligation Bond Fund
HHL602,PLANNING AND DEVELOPMENT FOR HAWAIIAN HOMESTEADS,HHL,HHL,Operating,T,2026,3740534.0,,,,Human Services,,,Trust Funds
HHL602,PLANNING AND DEVELOPMENT FOR HAWAIIAN HOMESTEADS,HHL,HHL,Operating,A,2026,10000000.0,,,,Human Services,,,General Funds
HHL625,ADMINISTRATION AND OPERATING SUPPORT,HHL,HHL,Operating,A,2026,18032234.0,,,,Human Services,,,General Funds
HMS202,"AGED, BLIND AND DISABLED PAYMENTS",HMS,HMS,Operating,A,2026,4029480.0,,,,Human Services,,,General Funds
HMS204,GENERAL ASSISTANCE PAYMENTS,HMS,HMS,Operating,A,2026,23889056.0,,,,Human Services,,,General Funds
HMS204,GENERAL ASSISTANCE PAYMENTS,HMS,HMS,Operating,B,2026,3000000.0,,,,Human Services,,,Special Funds
HMS206,FEDERAL ASSISTANCE PAYMENTS,HMS,HMS,Operating,N,2026,8345024.0,,,,Human Services,,,Federal Funds
HMS211,CASH SUPPORT FOR FAMILIES - SELF-SUFFICIENCY,HMS,HMS,Operating,A,2026,26715965.0,,,,Human Services,,,General Funds
HMS211,CASH SUPPORT FOR FAMILIES - SELF-SUFFICIENCY,HMS,HMS,Operating,N,2026,44000000.0,,,,Human Services,,,Federal Funds
HMS220,RENTAL HOUSING SERVICES,HMS,HMS,Operating,A,2026,4694409.0,,,,Human Services,,,General Funds
HMS220,RENTAL HOUSING SERVICES,HMS,HMS,Operating,N,2026,106838200.0,,,,Human Services,,,Federal Funds
HMS220,RENTAL HOUSING SERVICES,HMS,HMS,Operating,W,2026,5134715.0,,,,Human Services,,,Revolving Funds
HMS220,RENTAL HOUSING SERVICES,BED,BED,Capital Improvement,C,2026,68000000.0,,,,Human Services,,,General Obligation Bond Fund
HMS222,RENTAL ASSISTANCE SERVICES,HMS,HMS,Operating,A,2026,1557121.0,,,,Human Services,,,General Funds
HMS222,RENTAL ASSISTANCE SERVICES,HMS,HMS,Operating,N,2026,73368975.0,,,,Human Services,,,Federal Funds
HMS224,HOMELESS SERVICES,HMS,HMS,Operating,N,2026,814000.0,,,,Human Services,,,Federal Funds
HMS224,HOMELESS SERVICES,HMS,HMS,Operating,A,2026,27931773.0,,,,Human Services,,,General Funds
HMS229,HAWAII PUBLIC HOUSING AUTHORITY ADMINISTRATION,HMS,HMS,Operating,W,2026,17416598.0,,,,Human Services,,,Revolving Funds
HMS229,HAWAII PUBLIC HOUSING AUTHORITY ADMINISTRATION,HMS,HMS,Operating,N,2026,27864996.0,,,,Human Services,,,Federal Funds
HMS229,HAWAII PUBLIC HOUSING AUTHORITY ADMINISTRATION,HMS,HMS,Operating,A,2026,502838.0,,,,Human Services,,,General Funds
HMS236,CASE MANAGEMENT FOR SELF-SUFFICIENCY,HMS,HMS,Operating,P,2026,30237.0,,,,Human Services,,,Other Federal Funds
HMS236,CASE MANAGEMENT FOR SELF-SUFFICIENCY,HMS,HMS,Operating,N,2026,26545359.0,,,,Human Services,,,Federal Funds
HMS236,CASE MANAGEMENT FOR SELF-SUFFICIENCY,HMS,HMS,Operating,A,2026,19875373.0,,,,Human Services,,,General Funds
HMS237,EMPLOYMENT AND TRAINING,HMS,HMS,Operating,N,2026,2575945.0,,,,Human Services,,,Federal Funds
HMS237,EMPLOYMENT AND TRAINING,HMS,HMS,Operating,A,2026,469505.0,,,,Human Services,,,General Funds
HMS238,DISABILITY DETERMINATION,HMS,HMS,Operating,N,2026,8859927.0,,,,Human Services,,,Federal Funds
HMS301,CHILD PROTECTIVE SERVICES,HMS,HMS,Operating,A,2026,50570717.0,,,,Human Services,,,General Funds
HMS301,CHILD PROTECTIVE SERVICES,HMS,HMS,Operating,N,2026,49452950.0,,,,Human Services,,,Federal Funds
HMS301,CHILD PROTECTIVE SERVICES,HMS,HMS,Operating,B,2026,6124053.0,,,,Human Services,,,Special Funds
HMS301,CHILD PROTECTIVE SERVICES,HMS,HMS,Operating,P,2026,400000.0,,,,Human Services,,,Other Federal Funds
HMS302,GENERAL SUPPORT FOR CHILD CARE,HMS,HMS,Operating,A,2026,2840528.0,,,,Human Services,,,General Funds
HMS302,GENERAL SUPPORT FOR CHILD CARE,HMS,HMS,Operating,N,2026,14137770.0,,,,Human Services,,,Federal Funds
HMS303,CHILD PROTECTIVE SERVICES PAYMENTS,HMS,HMS,Operating,A,2026,48265586.0,,,,Human Services,,,General Funds
HMS303,CHILD PROTECTIVE SERVICES PAYMENTS,HMS,HMS,Operating,N,2026,31542000.0,,,,Human Services,,,Federal Funds
HMS305,CASH SUPPORT FOR CHILD CARE,HMS,HMS,Operating,A,2026,57811811.0,,,,Human Services,,,General Funds
HMS305,CASH SUPPORT FOR CHILD CARE,HMS,HMS,Operating,N,2026,69565754.0,,,,Human Services,,,Federal Funds
HMS401,HEALTH CARE PAYMENTS,HMS,HMS,Operating,A,2026,1031466906.0,,,,Human Services,,,General Funds
HMS401,HEALTH CARE PAYMENTS,HMS,HMS,Operating,B,2026,230000000.0,,,,Human Services,,,Special Funds
HMS401,HEALTH CARE PAYMENTS,HMS,HMS,Operating,N,2026,2291497122.0,,,,Human Services,,,Federal Funds
HMS401,HEALTH CARE PAYMENTS,HMS,HMS,Operating,P,2026,15798564.0,,,,Human Services,,,Other Federal Funds
HMS401,HEALTH CARE PAYMENTS,HMS,HMS,Operating,U,2026,6781921.0,,,,Human Services,,,Interdepartmental Transfers
HMS501,IN-COMMUNITY YOUTH PROGRAMS,HMS,HMS,Operating,A,2026,10764943.0,,,,Human Services,,,General Funds
HMS501,IN-COMMUNITY YOUTH PROGRAMS,HMS,HMS,Operating,N,2026,2050000.0,,,,Human Services,,,Federal Funds
HMS503,HAWAII YOUTH CORRECTIONAL FACILITY (HYCF),AGS,AGS,Capital Improvement,C,2026,3720000.0,,,,Human Services,,,General Obligation Bond Fund
HMS503,HAWAII YOUTH CORRECTIONAL FACILITY (HYCF),HMS,HMS,Operating,A,2026,9992933.0,,,,Human Services,,,General Funds
HMS555,OFFICE OF WELLNESS AND RESILIENCE,HMS,HMS,Operating,A,2026,1346000.0,,,,Human Services,,,General Funds
HMS601,ADULT PROTECTIVE AND COMMUNITY SERVICES,HMS,HMS,Operating,U,2026,387560.0,,,,Human Services,,,Interdepartmental Transfers
HMS601,ADULT PROTECTIVE AND COMMUNITY SERVICES,HMS,HMS,Operating,P,2026,1321390.0,,,,Human Services,,,Other Federal Funds
HMS601,ADULT PROTECTIVE AND COMMUNITY SERVICES,HMS,HMS,Operating,R,2026,10000.0,,,,Human Services,,,Private Contributions
HMS601,ADULT PROTECTIVE AND COMMUNITY SERVICES,HMS,HMS,Operating,N,2026,838010.0,,,,Human Services,,,Federal Funds
HMS601,ADULT PROTECTIVE AND COMMUNITY SERVICES,HMS,HMS,Operating,A,2026,6875326.0,,,,Human Services,,,General Funds
HMS605,COMMUNITY-BASED RESIDENTIAL & MEDICAID FACILITY SUPPORT,HMS,HMS,Operating,A,2026,17810955.0,,,,Human Services,,,General Funds
HMS777,OFFICE ON HOMELESSNESS AND HOUSING SOLUTIONS,HMS,HMS,Capital Improvement,C,2026,24400000.0,,,,Human Services,,,General Obligation Bond Fund
HMS777,OFFICE ON HOMELESSNESS AND HOUSING SOLUTIONS,HMS,HMS,Operating,A,2026,611040.0,,,,Human Services,,,General Funds
HMS802,VOCATIONAL REHABILITATION,HMS,HMS,Operating,W,2026,2000000.0,,,,Employment,,,Revolving Funds
HMS802,VOCATIONAL REHABILITATION,HMS,HMS,Operating,N,2026,19176876.0,,,,Employment,,,Federal Funds
HMS802,VOCATIONAL REHABILITATION,HMS,HMS,Operating,A,2026,5056561.0,,,,Employment,,,General Funds
HMS888,COMMISSION ON THE STATUS OF WOMEN,HMS,HMS,Operating,A,2026,184462.0,,,,Individual Rights,,,General Funds
HMS901,GENERAL SUPPORT FOR SOCIAL SERVICES,HMS,HMS,Operating,A,2026,4287230.0,,,,Human Services,,,General Funds
HMS901,GENERAL SUPPORT FOR SOCIAL SERVICES,HMS,HMS,Operating,N,2026,3246986.0,,,,Human Services,,,Federal Funds
HMS902,GENERAL SUPPORT FOR HEALTH CARE PAYMENTS,HMS,HMS,Operating,N,2026,96345000.0,,,,Human Services,,,Federal Funds
HMS902,GENERAL SUPPORT FOR HEALTH CARE PAYMENTS,HMS,HMS,Operating,B,2026,30104367.0,,,,Human Services,,,Special Funds
HMS902,GENERAL SUPPORT FOR HEALTH CARE PAYMENTS,HMS,HMS,Operating,A,2026,16133771.0,,,,Human Services,,,General Funds
HMS902,GENERAL SUPPORT FOR HEALTH CARE PAYMENTS,HMS,HMS,Operating,P,2026,1200000.0,,,,Human Services,,,Other Federal Funds
HMS903,GENERAL SUPPORT FOR SELF-SUFFICIENCY SERVICES,HMS,HMS,Operating,N,2026,95422009.0,,,,Human Services,,,Federal Funds
HMS903,GENERAL SUPPORT FOR SELF-SUFFICIENCY SERVICES,HMS,HMS,Operating,P,2026,19560000.0,,,,Human Services,,,Other Federal Funds
HMS903,GENERAL SUPPORT FOR SELF-SUFFICIENCY SERVICES,HMS,HMS,Operating,A,2026,48609196.0,,,,Human Services,,,General Funds
HMS904,GENERAL ADMINISTRATION - DHS,HMS,HMS,Operating,A,2026,18703261.0,,,,Human Services,,,General Funds
HMS904,GENERAL ADMINISTRATION - DHS,HMS,HMS,Operating,N,2026,17288921.0,,,,Human Services,,,Federal Funds
HMS904,GENERAL ADMINISTRATION - DHS,HMS,HMS,Capital Improvement,C,2026,10000000.0,,,,Human Services,,,General Obligation Bond Fund
HRD102,"WORKFORCE ATTRACTION, SELECTION, CLASSIFICATION, AND",HRD,HRD,Operating,A,2026,28276844.0,,,,Government Operations,,,General Funds
HRD102,"WORKFORCE ATTRACTION, SELECTION, CLASSIFICATION, AND",HRD,HRD,Operating,B,2026,700000.0,,,,Government Operations,,,Special Funds
HRD102,"WORKFORCE ATTRACTION, SELECTION, CLASSIFICATION, AND",HRD,HRD,Operating,U,2026,5178161.0,,,,Government Operations,,,Interdepartmental Transfers
HRD191,SUPPORTING SERVICES – HUMAN RESOURCES DEVELOPMENT,HRD,HRD,Operating,A,2026,2897063.0,,,,Government Operations,,,General Funds
HTH100,COMMUNICABLE DISEASE AND PUBLIC HEALTH NURSING,AGS,AGS,Capital Improvement,C,2026,8000000.0,,,,Health,,,General Obligation Bond Fund
HTH100,COMMUNICABLE DISEASE AND PUBLIC HEALTH NURSING,HTH,HTH,Operating,A,2026,33001090.0,,,,Health,,,General Funds
HTH100,COMMUNICABLE DISEASE AND PUBLIC HEALTH NURSING,HTH,HTH,Operating,U,2026,637849.0,,,,Health,,,Interdepartmental Transfers
HTH100,COMMUNICABLE DISEASE AND PUBLIC HEALTH NURSING,HTH,HTH,Operating,N,2026,8827137.0,,,,Health,,,Federal Funds
HTH100,COMMUNICABLE DISEASE AND PUBLIC HEALTH NURSING,HTH,HTH,Operating,P,2026,5311894.0,,,,Health,,,Other Federal Funds
HTH131,DISEASE OUTBREAK CONTROL,HTH,HTH,Operating,A,2026,2333942.0,,,,Health,,,General Funds
HTH131,DISEASE OUTBREAK CONTROL,HTH,HTH,Operating,N,2026,20255445.0,,,,Health,,,Federal Funds
HTH131,DISEASE OUTBREAK CONTROL,HTH,HTH,Operating,P,2026,9378970.0,,,,Health,,,Other Federal Funds
HTH210,HAWAII HEALTH SYSTEMS CORPORATION – CORPORATE OFFICE,HTH,HTH,Operating,B,2026,17509280.0,,,,Health,,,Special Funds
HTH211,KAHUKU HOSPITAL,HTH,HTH,Operating,A,2026,2157500.0,,,,Health,,,General Funds
HTH211,KAHUKU HOSPITAL,HTH,HTH,Capital Improvement,C,2026,5800000.0,,,,Health,,,General Obligation Bond Fund
HTH212,HAWAII HEALTH SYSTEMS CORPORATION – REGIONS,HTH,HTH,Capital Improvement,C,2026,28839000.0,,,,Health,,,General Obligation Bond Fund
HTH212,HAWAII HEALTH SYSTEMS CORPORATION – REGIONS,HTH,HTH,Operating,A,2026,216537303.0,,,,Health,,,General Funds
HTH212,HAWAII HEALTH SYSTEMS CORPORATION – REGIONS,HTH,HTH,Operating,B,2026,582286185.0,,,,Health,,,Special Funds
HTH213,ALII COMMUNITY CARE,HTH,HTH,Operating,B,2026,3500000.0,,,,Health,,,Special Funds
HTH214,"MAUI HEALTH SYSTEM, A KFH LLC",HTH,HTH,Operating,A,2026,12000000.0,,,,Health,,,General Funds
HTH214,"MAUI HEALTH SYSTEM, A KFH LLC",HTH,HTH,Capital Improvement,C,2026,6000000.0,,,,Health,,,General Obligation Bond Fund
HTH215,HHSC - OAHU REGION,HTH,HTH,Operating,A,2026,8000000.0,,,,Health,,,General Funds
HTH215,HHSC - OAHU REGION,HTH,HTH,Operating,B,2026,48500000.0,,,,Health,,,Special Funds
HTH215,HHSC - OAHU REGION,HTH,HTH,Capital Improvement,C,2026,5600000.0,,,,Health,,,General Obligation Bond Fund
HTH420,ADULT MENTAL HEALTH - OUTPATIENT,HTH,HTH,Operating,B,2026,11610000.0,,,,Health,,,Special Funds
HTH420,ADULT MENTAL HEALTH - OUTPATIENT,HTH,HTH,Operating,P,2026,137363.0,,,,Health,,,Other Federal Funds
HTH420,ADULT MENTAL HEALTH - OUTPATIENT,HTH,HTH,Operating,N,2026,2333370.0,,,,Health,,,Federal Funds
HTH420,ADULT MENTAL HEALTH - OUTPATIENT,HTH,HTH,Operating,A,2026,89622044.0,,,,Health,,,General Funds
HTH430,ADULT MENTAL HEALTH - INPATIENT,AGS,AGS,Capital Improvement,C,2026,23650000.0,,,,Health,,,General Obligation Bond Fund
HTH430,ADULT MENTAL HEALTH - INPATIENT,HTH,HTH,Operating,A,2026,157045865.0,,,,Health,,,General Funds
HTH440,ALCOHOL AND DRUG ABUSE DIVISION,HTH,HTH,Operating,B,2026,750000.0,,,,Health,,,Special Funds
HTH440,ALCOHOL AND DRUG ABUSE DIVISION,HTH,HTH,Operating,N,2026,9038656.0,,,,Health,,,Federal Funds
HTH440,ALCOHOL AND DRUG ABUSE DIVISION,HTH,HTH,Operating,P,2026,6654376.0,,,,Health,,,Other Federal Funds
HTH440,ALCOHOL AND DRUG ABUSE DIVISION,HTH,HTH,Operating,A,2026,20395713.0,,,,Health,,,General Funds
HTH460,CHILD AND ADOLESCENT MENTAL HEALTH,HTH,HTH,Operating,N,2026,2339630.0,,,,Health,,,Federal Funds
HTH460,CHILD AND ADOLESCENT MENTAL HEALTH,HTH,HTH,Operating,U,2026,2281992.0,,,,Health,,,Interdepartmental Transfers
HTH460,CHILD AND ADOLESCENT MENTAL HEALTH,HTH,HTH,Operating,A,2026,63631355.0,,,,Health,,,General Funds
HTH460,CHILD AND ADOLESCENT MENTAL HEALTH,HTH,HTH,Operating,B,2026,15375579.0,,,,Health,,,Special Funds
HTH495,BEHAVIORAL HEALTH ADMINISTRATION,HTH,HTH,Operating,A,2026,210907.0,,,,Health,,,General Funds
HTH501,DEVELOPMENTAL DISABILITIES,HTH,HTH,Operating,B,2026,7747738.0,,,,Health,,,Special Funds
HTH501,DEVELOPMENTAL DISABILITIES,HTH,HTH,Operating,A,2026,121506572.0,,,,Health,,,General Funds
HTH520,DISABILITY AND COMMUNICATIONS ACCESS BOARD,HTH,HTH,Operating,A,2026,724846.0,,,,Human Services,,,General Funds
HTH520,DISABILITY AND COMMUNICATIONS ACCESS BOARD,HTH,HTH,Operating,U,2026,314641.0,,,,Human Services,,,Interdepartmental Transfers
HTH520,DISABILITY AND COMMUNICATIONS ACCESS BOARD,HTH,HTH,Operating,B,2026,2186855.0,,,,Human Services,,,Special Funds
HTH560,FAMILY HEALTH SERVICES,HTH,HTH,Operating,P,2026,12523019.0,,,,Health,,,Other Federal Funds
HTH560,FAMILY HEALTH SERVICES,HTH,HTH,Operating,U,2026,101558.0,,,,Health,,,Interdepartmental Transfers
HTH560,FAMILY HEALTH SERVICES,HTH,HTH,Operating,N,2026,38121215.0,,,,Health,,,Federal Funds
HTH560,FAMILY HEALTH SERVICES,HTH,HTH,Operating,B,2026,17965804.0,,,,Health,,,Special Funds
HTH560,FAMILY HEALTH SERVICES,HTH,HTH,Operating,A,2026,45499911.0,,,,Health,,,General Funds
HTH590,CHRONIC DISEASE PREVENTION AND HEALTH PROMOTION,HTH,HTH,Operating,A,2026,7041748.0,,,,Health,,,General Funds
HTH590,CHRONIC DISEASE PREVENTION AND HEALTH PROMOTION,HTH,HTH,Operating,B,2026,48706356.0,,,,Health,,,Special Funds
HTH590,CHRONIC DISEASE PREVENTION AND HEALTH PROMOTION,HTH,HTH,Operating,P,2026,6740166.0,,,,Health,,,Other Federal Funds
HTH590,CHRONIC DISEASE PREVENTION AND HEALTH PROMOTION,HTH,HTH,Operating,U,2026,1192408.0,,,,Health,,,Interdepartmental Transfers
HTH595,HEALTH RESOURCES ADMINISTRATION,HTH,HTH,Operating,A,2026,244093.0,,,,Health,,,General Funds
HTH596,OFFICE OF MEDICAL CANNABIS CONTROL & REGULATION,HTH,HTH,Operating,A,2026,3109260.0,,,,Health,,,General Funds
HTH596,OFFICE OF MEDICAL CANNABIS CONTROL & REGULATION,HTH,HTH,Operating,B,2026,2578518.0,,,,Health,,,Special Funds
HTH610,ENVIRONMENTAL HEALTH SERVICES,HTH,HTH,Operating,B,2026,4487489.0,,,,Health,,,Special Funds
HTH610,ENVIRONMENTAL HEALTH SERVICES,HTH,HTH,Operating,A,2026,9207720.0,,,,Health,,,General Funds
HTH610,ENVIRONMENTAL HEALTH SERVICES,HTH,HTH,Operating,P,2026,396994.0,,,,Health,,,Other Federal Funds
HTH610,ENVIRONMENTAL HEALTH SERVICES,HTH,HTH,Operating,U,2026,271269.0,,,,Health,,,Interdepartmental Transfers
HTH610,ENVIRONMENTAL HEALTH SERVICES,HTH,HTH,Operating,N,2026,158000.0,,,,Health,,,Federal Funds
HTH710,STATE LABORATORY SERVICES,HTH,HTH,Operating,P,2026,429999.0,,,,Health,,,Other Federal Funds
HTH710,STATE LABORATORY SERVICES,HTH,HTH,Operating,B,2026,272901.0,,,,Health,,,Special Funds
HTH710,STATE LABORATORY SERVICES,HTH,HTH,Operating,N,2026,1029222.0,,,,Health,,,Federal Funds
HTH710,STATE LABORATORY SERVICES,HTH,HTH,Operating,W,2026,23967.0,,,,Health,,,Revolving Funds
HTH710,STATE LABORATORY SERVICES,HTH,HTH,Operating,A,2026,9189196.0,,,,Health,,,General Funds
HTH720,HEALTH CARE ASSURANCE,HTH,HTH,Operating,A,2026,4030204.0,,,,Health,,,General Funds
HTH720,HEALTH CARE ASSURANCE,HTH,HTH,Operating,B,2026,2355000.0,,,,Health,,,Special Funds
HTH720,HEALTH CARE ASSURANCE,HTH,HTH,Operating,P,2026,4841562.0,,,,Health,,,Other Federal Funds
HTH730,EMERGENCY MEDICAL SERVICES AND INJURY PREVENTION SYSTEM,HTH,HTH,Operating,A,2026,59091232.0,,,,Health,,,General Funds
HTH730,EMERGENCY MEDICAL SERVICES AND INJURY PREVENTION SYSTEM,HTH,HTH,Operating,B,2026,22323419.0,,,,Health,,,Special Funds
HTH730,EMERGENCY MEDICAL SERVICES AND INJURY PREVENTION SYSTEM,HTH,HTH,Operating,P,2026,420000.0,,,,Health,,,Other Federal Funds
HTH760,HEALTH STATUS MONITORING,HTH,HTH,Operating,P,2026,627294.0,,,,Health,,,Other Federal Funds
HTH760,HEALTH STATUS MONITORING,HTH,HTH,Operating,A,2026,3079488.0,,,,Health,,,General Funds
HTH760,HEALTH STATUS MONITORING,HTH,HTH,Operating,B,2026,530318.0,,,,Health,,,Special Funds
HTH840,ENVIRONMENTAL MANAGEMENT,HTH,HTH,Operating,W,2026,260514599.0,,,,Environment,,,Revolving Funds
HTH840,ENVIRONMENTAL MANAGEMENT,HTH,HTH,Operating,P,2026,8889111.0,,,,Environment,,,Other Federal Funds
HTH840,ENVIRONMENTAL MANAGEMENT,HTH,HTH,Capital Improvement,C,2026,10995000.0,,,,Environment,,,General Obligation Bond Fund
HTH840,ENVIRONMENTAL MANAGEMENT,HTH,HTH,Operating,A,2026,7063978.0,,,,Environment,,,General Funds
HTH840,ENVIRONMENTAL MANAGEMENT,HTH,HTH,Operating,B,2026,80891943.0,,,,Environment,,,Special Funds
HTH840,ENVIRONMENTAL MANAGEMENT,HTH,HTH,Operating,N,2026,4064084.0,,,,Environment,,,Federal Funds
HTH840,ENVIRONMENTAL MANAGEMENT,HTH,HTH,Operating,U,2026,3013024.0,,,,Environment,,,Interdepartmental Transfers
HTH840,ENVIRONMENTAL MANAGEMENT,HTH,HTH,Capital Improvement,N,2026,54964000.0,,,,Environment,,Investment Capital - Fund Type: N,Federal Funds
HTH849,ENVIRONMENTAL HEALTH ADMINISTRATION,HTH,HTH,Operating,A,2026,3878888.0,,,,Environment,,,General Funds
HTH849,ENVIRONMENTAL HEALTH ADMINISTRATION,HTH,HTH,Operating,N,2026,189937.0,,,,Environment,,,Federal Funds
HTH849,ENVIRONMENTAL HEALTH ADMINISTRATION,HTH,HTH,Operating,W,2026,2826328.0,,,,Environment,,,Revolving Funds
HTH849,ENVIRONMENTAL HEALTH ADMINISTRATION,HTH,HTH,Operating,P,2026,2330057.0,,,,Environment,,,Other Federal Funds
HTH904,EXECUTIVE OFFICE ON AGING,HTH,HTH,Operating,P,2026,1223791.0,,,,Human Services,,,Other Federal Funds
HTH904,EXECUTIVE OFFICE ON AGING,HTH,HTH,Operating,A,2026,12988560.0,,,,Human Services,,,General Funds
HTH904,EXECUTIVE OFFICE ON AGING,HTH,HTH,Operating,N,2026,10405377.0,,,,Human Services,,,Federal Funds
HTH905,DEVELOPMENTAL DISABILITIES COUNCIL,HTH,HTH,Operating,N,2026,527570.0,,,,Health,,,Federal Funds
HTH905,DEVELOPMENTAL DISABILITIES COUNCIL,HTH,HTH,Operating,A,2026,262940.0,,,,Health,,,General Funds
HTH906,STATE HEALTH PLANNING AND DEVELOPMENT AGENCY,HTH,HTH,Operating,B,2026,340000.0,,,,Health,,,Special Funds
HTH906,STATE HEALTH PLANNING AND DEVELOPMENT AGENCY,HTH,HTH,Operating,A,2026,941225.0,,,,Health,,,General Funds
HTH907,GENERAL ADMINISTRATION,HTH,HTH,Operating,N,2026,5275000.0,,,,Health,,,Federal Funds
HTH907,GENERAL ADMINISTRATION,HTH,HTH,Operating,A,2026,36764229.0,,,,Health,,,General Funds
HTH907,GENERAL ADMINISTRATION,HTH,HTH,Operating,P,2026,684932.0,,,,Health,,,Other Federal Funds
HTH908,OFFICE OF LANGUAGE ACCESS,HTH,HTH,Operating,A,2026,714494.0,,,,Health,,,General Funds
LAW502,NARCOTICS ENFORCEMENT DIVISION,LAW,LAW,Operating,P,2026,800000.0,,,,Public Safety,,,Other Federal Funds
LAW502,NARCOTICS ENFORCEMENT DIVISION,LAW,LAW,Operating,W,2026,1004853.0,,,,Public Safety,,,Revolving Funds
LAW502,NARCOTICS ENFORCEMENT DIVISION,LAW,LAW,Operating,A,2026,1713945.0,,,,Public Safety,,,General Funds
LAW503,SHERIFF,LAW,LAW,Operating,N,2026,600000.0,,,,Public Safety,,,Federal Funds
LAW503,SHERIFF,LAW,LAW,Operating,A,2026,28441127.0,,,,Public Safety,,,General Funds
LAW503,SHERIFF,LAW,LAW,Operating,U,2026,19616116.0,,,,Public Safety,,,Interdepartmental Transfers
LAW503,SHERIFF,LAW,LAW,Operating,P,2026,600000.0,,,,Public Safety,,,Other Federal Funds
LAW504,CRIMINAL INVESTIGATION DIVISION,LAW,LAW,Operating,U,2026,731972.0,,,,Public Safety,,,Interdepartmental Transfers
LAW504,CRIMINAL INVESTIGATION DIVISION,LAW,LAW,Operating,A,2026,4113508.0,,,,Public Safety,,,General Funds
LAW505,LAW ENFORCEMENT TRAINING DIVISION,LAW,LAW,Operating,A,2026,2668464.0,,,,Public Safety,,,General Funds
LAW900,GENERAL ADMINISTRATION,LAW,LAW,Operating,A,2026,20894244.0,,,,Public Safety,,,General Funds
LAW900,GENERAL ADMINISTRATION,LAW,LAW,Operating,U,2026,5000000.0,,,,Public Safety,,,Interdepartmental Transfers
LAW900,GENERAL ADMINISTRATION,LAW,LAW,Capital Improvement,C,2026,3000000.0,,,,Public Safety,,,General Obligation Bond Fund
LAW901,OFFICE OF HOMELAND SECURITY,LAW,LAW,Operating,A,2026,2362031.0,,,,Public Safety,,,General Funds
LAW901,OFFICE OF HOMELAND SECURITY,LAW,LAW,Operating,N,2026,3724886.0,,,,Public Safety,,,Federal Funds
LAW901,OFFICE OF HOMELAND SECURITY,LAW,LAW,Operating,P,2026,9405469.0,,,,Public Safety,,,Other Federal Funds
LBR111,WORKFORCE DEVELOPMENT,LBR,LBR,Operating,B,2026,5364646.0,,,,Employment,,,Special Funds
LBR111,WORKFORCE DEVELOPMENT,LBR,LBR,Operating,P,2026,300000.0,,,,Employment,,,Other Federal Funds
LBR111,WORKFORCE DEVELOPMENT,LBR,LBR,Operating,U,2026,2891173.0,,,,Employment,,,Interdepartmental Transfers
LBR111,WORKFORCE DEVELOPMENT,LBR,LBR,Operating,N,2026,6550000.0,,,,Employment,,,Federal Funds
LBR111,WORKFORCE DEVELOPMENT,LBR,LBR,Operating,A,2026,6822007.0,,,,Employment,,,General Funds
LBR135,WORKFORCE DEVELOPMENT COUNCIL,LBR,LBR,Operating,N,2026,10700000.0,,,,Employment,,,Federal Funds
LBR135,WORKFORCE DEVELOPMENT COUNCIL,LBR,LBR,Operating,A,2026,455026.0,,,,Employment,,,General Funds
LBR143,HAWAII OCCUPATIONAL SAFETY AND HEALTH PROGRAM,LBR,LBR,Operating,A,2026,1393204.0,,,,Employment,,,General Funds
LBR143,HAWAII OCCUPATIONAL SAFETY AND HEALTH PROGRAM,LBR,LBR,Operating,P,2026,2400000.0,,,,Employment,,,Other Federal Funds
LBR143,HAWAII OCCUPATIONAL SAFETY AND HEALTH PROGRAM,LBR,LBR,Operating,W,2026,2746105.0,,,,Employment,,,Revolving Funds
LBR152,WAGE STANDARDS PROGRAM,LBR,LBR,Operating,A,2026,1383835.0,,,,Employment,,,General Funds
LBR152,WAGE STANDARDS PROGRAM,LBR,LBR,Operating,B,2026,500000.0,,,,Employment,,,Special Funds
LBR153,HAWAII CIVIL RIGHTS COMMISSION,LBR,LBR,Operating,A,2026,1843633.0,,,,Employment,,,General Funds
LBR153,HAWAII CIVIL RIGHTS COMMISSION,LBR,LBR,Operating,P,2026,350000.0,,,,Employment,,,Other Federal Funds
LBR161,HAWAII LABOR RELATIONS BOARD,LBR,LBR,Operating,A,2026,1138087.0,,,,Employment,,,General Funds
LBR171,UNEMPLOYMENT INSURANCE PROGRAM,LBR,LBR,Operating,B,2026,2173756.0,,,,Employment,,,Special Funds
LBR171,UNEMPLOYMENT INSURANCE PROGRAM,LBR,LBR,Operating,T,2026,341400000.0,,,,Employment,,,Trust Funds
LBR171,UNEMPLOYMENT INSURANCE PROGRAM,LBR,LBR,Operating,N,2026,18000000.0,,,,Employment,,,Federal Funds
LBR171,UNEMPLOYMENT INSURANCE PROGRAM,LBR,LBR,Operating,A,2026,1098246.0,,,,Employment,,,General Funds
LBR183,DISABILITY COMPENSATION PROGRAM,LBR,LBR,Operating,T,2026,24157551.0,,,,Employment,,,Trust Funds
LBR183,DISABILITY COMPENSATION PROGRAM,LBR,LBR,Operating,A,2026,8679642.0,,,,Employment,,,General Funds
LBR812,LABOR AND INDUSTRIAL RELATIONS APPEALS BOARD,LBR,LBR,Operating,A,2026,1209410.0,,,,Employment,,,General Funds
LBR901,RESEARCH AND STATISTICS,LBR,LBR,Operating,A,2026,178081.0,,,,Employment,,,General Funds
LBR901,RESEARCH AND STATISTICS,LBR,LBR,Operating,N,2026,440322.0,,,,Employment,,,Federal Funds
LBR902,GENERAL ADMINISTRATION,LBR,LBR,Operating,B,2026,200000.0,,,,Employment,,,Special Funds
LBR902,GENERAL ADMINISTRATION,LBR,LBR,Operating,A,2026,3937790.0,,,,Employment,,,General Funds
LBR902,GENERAL ADMINISTRATION,LBR,LBR,Operating,P,2026,6000000.0,,,,Employment,,,Other Federal Funds
LBR903,OFFICE OF COMMUNITY SERVICES,LBR,LBR,Operating,B,2026,5000.0,,,,Employment,,,Special Funds
LBR903,OFFICE OF COMMUNITY SERVICES,LBR,LBR,Capital Improvement,C,2026,20000000.0,,,,Employment,,,General Obligation Bond Fund
LBR903,OFFICE OF COMMUNITY SERVICES,LBR,LBR,Operating,N,2026,6517000.0,,,,Employment,,,Federal Funds
LBR903,OFFICE OF COMMUNITY SERVICES,LBR,LBR,Operating,A,2026,4971563.0,,,,Employment,,,General Funds
LNR101,PUBLIC LANDS MANAGEMENT,LNR,LNR,Capital Improvement,C,2026,3355000.0,,,,Government Operations,,Investment Capital - Fund Type: C,General Obligation Bond Fund
LNR101,PUBLIC LANDS MANAGEMENT,LNR,LNR,Capital Improvement,B,2026,3200000.0,,,,Government Operations,,,Special Funds
LNR101,PUBLIC LANDS MANAGEMENT,LNR,LNR,Operating,B,2026,24483607.0,,,,Government Operations,,,Special Funds
LNR101,PUBLIC LANDS MANAGEMENT,LNR,LNR,Operating,A,2026,177872.0,,,,Government Operations,,,General Funds
LNR102,LEGACY LAND CONSERVATION PROGRAM,LNR,LNR,Operating,B,2026,9034784.0,,,,Government Operations,,,Special Funds
LNR111,CONVEYANCES AND RECORDINGS,LNR,LNR,Operating,B,2026,7731946.0,,,,Individual Rights,,,Special Funds
LNR141,WATER AND LAND DEVELOPMENT,LNR,LNR,Capital Improvement,C,2026,2000000.0,,,,Economic Development,,,General Obligation Bond Fund
LNR141,WATER AND LAND DEVELOPMENT,LNR,LNR,Operating,B,2026,907330.0,,,,Economic Development,,,Special Funds
LNR141,WATER AND LAND DEVELOPMENT,LNR,LNR,Operating,A,2026,3403862.0,,,,Economic Development,,,General Funds
LNR141,WATER AND LAND DEVELOPMENT,LNR,LNR,Operating,T,2026,199479.0,,,,Economic Development,,,Trust Funds
LNR172,FORESTRY - RESOURCE MANAGEMENT AND DEVELOPMENT,LNR,LNR,Operating,P,2026,7100000.0,,,,Economic Development,,,Other Federal Funds
LNR172,FORESTRY - RESOURCE MANAGEMENT AND DEVELOPMENT,LNR,LNR,Operating,B,2026,2455475.0,,,,Economic Development,,,Special Funds
LNR172,FORESTRY - RESOURCE MANAGEMENT AND DEVELOPMENT,LNR,LNR,Operating,A,2026,8808994.0,,,,Economic Development,,,General Funds
LNR401,ECOSYSTEM PROTECTION AND RESTORATION,LNR,LNR,Capital Improvement,C,2026,1150000.0,,,,Environment,,,General Obligation Bond Fund
LNR401,ECOSYSTEM PROTECTION AND RESTORATION,LNR,LNR,Operating,A,2026,5526913.0,,,,Environment,,,General Funds
LNR401,ECOSYSTEM PROTECTION AND RESTORATION,LNR,LNR,Operating,B,2026,4239054.0,,,,Environment,,,Special Funds
LNR401,ECOSYSTEM PROTECTION AND RESTORATION,LNR,LNR,Operating,N,2026,4864500.0,,,,Environment,,,Federal Funds
LNR401,ECOSYSTEM PROTECTION AND RESTORATION,LNR,LNR,Operating,P,2026,12537534.0,,,,Environment,,,Other Federal Funds
LNR402,NATIVE RESOURCES AND FIRE PROTECTION PROGRAM,LNR,LNR,Operating,T,2026,106475.0,,,,Environment,,,Trust Funds
LNR402,NATIVE RESOURCES AND FIRE PROTECTION PROGRAM,LNR,LNR,Operating,N,2026,3679077.0,,,,Environment,,,Federal Funds
LNR402,NATIVE RESOURCES AND FIRE PROTECTION PROGRAM,LNR,LNR,Capital Improvement,C,2026,10500000.0,,,,Environment,,,General Obligation Bond Fund
LNR402,NATIVE RESOURCES AND FIRE PROTECTION PROGRAM,LNR,LNR,Operating,A,2026,26434031.0,,,,Environment,,,General Funds
LNR402,NATIVE RESOURCES AND FIRE PROTECTION PROGRAM,LNR,LNR,Operating,P,2026,4571982.0,,,,Environment,,,Other Federal Funds
LNR402,NATIVE RESOURCES AND FIRE PROTECTION PROGRAM,LNR,LNR,Operating,U,2026,1686056.0,,,,Environment,,,Interdepartmental Transfers
LNR404,WATER RESOURCES,LNR,LNR,Operating,B,2026,1283123.0,,,,Environment,,,Special Funds
LNR404,WATER RESOURCES,LNR,LNR,Operating,A,2026,4584758.0,,,,Environment,,,General Funds
LNR404,WATER RESOURCES,LNR,LNR,Capital Improvement,C,2026,6000000.0,,,,Environment,,,General Obligation Bond Fund
LNR405,CONSERVATION AND RESOURCES ENFORCEMENT,LNR,LNR,Operating,B,2026,2021447.0,,,,Environment,,,Special Funds
LNR405,CONSERVATION AND RESOURCES ENFORCEMENT,LNR,LNR,Operating,N,2026,958875.0,,,,Environment,,,Federal Funds
LNR405,CONSERVATION AND RESOURCES ENFORCEMENT,LNR,LNR,Operating,W,2026,32671.0,,,,Environment,,,Revolving Funds
LNR405,CONSERVATION AND RESOURCES ENFORCEMENT,LNR,LNR,Operating,P,2026,100000.0,,,,Environment,,,Other Federal Funds
LNR405,CONSERVATION AND RESOURCES ENFORCEMENT,LNR,LNR,Capital Improvement,C,2026,4450000.0,,,,Environment,,,General Obligation Bond Fund
LNR405,CONSERVATION AND RESOURCES ENFORCEMENT,LNR,LNR,Operating,A,2026,20509745.0,,,,Environment,,,General Funds
LNR407,NATURAL AREA RESERVES AND WATERSHED MANAGEMENT,LNR,LNR,Operating,B,2026,180000.0,,,,Environment,,,Special Funds
LNR407,NATURAL AREA RESERVES AND WATERSHED MANAGEMENT,LNR,LNR,Capital Improvement,C,2026,7200000.0,,,,Environment,,,General Obligation Bond Fund
LNR407,NATURAL AREA RESERVES AND WATERSHED MANAGEMENT,LNR,LNR,Operating,A,2026,11709704.0,,,,Environment,,,General Funds
LNR407,NATURAL AREA RESERVES AND WATERSHED MANAGEMENT,LNR,LNR,Operating,N,2026,440000.0,,,,Environment,,,Federal Funds
LNR407,NATURAL AREA RESERVES AND WATERSHED MANAGEMENT,LNR,LNR,Operating,P,2026,3000000.0,,,,Environment,,,Other Federal Funds
LNR801,OCEAN-BASED RECREATION,LNR,LNR,Operating,A,2026,478396.0,,,,Culture and Recreation,,,General Funds
LNR801,OCEAN-BASED RECREATION,LNR,LNR,Capital Improvement,C,2026,28650000.0,,,,Culture and Recreation,,,General Obligation Bond Fund
LNR801,OCEAN-BASED RECREATION,LNR,LNR,Operating,N,2026,1500000.0,,,,Culture and Recreation,,,Federal Funds
LNR801,OCEAN-BASED RECREATION,LNR,LNR,Operating,B,2026,42965486.0,,,,Culture and Recreation,,,Special Funds
LNR802,HISTORIC PRESERVATION,LNR,LNR,Operating,N,2026,751525.0,,,,Culture and Recreation,,,Federal Funds
LNR802,HISTORIC PRESERVATION,LNR,LNR,Operating,B,2026,923397.0,,,,Culture and Recreation,,,Special Funds
LNR802,HISTORIC PRESERVATION,LNR,LNR,Operating,A,2026,4520402.0,,,,Culture and Recreation,,,General Funds
LNR804,FOREST AND OUTDOOR RECREATION,LNR,LNR,Operating,W,2026,913329.0,,,,Culture and Recreation,,,Revolving Funds
LNR804,FOREST AND OUTDOOR RECREATION,LNR,LNR,Operating,N,2026,5396897.0,,,,Culture and Recreation,,,Federal Funds
LNR804,FOREST AND OUTDOOR RECREATION,LNR,LNR,Operating,B,2026,917145.0,,,,Culture and Recreation,,,Special Funds
LNR804,FOREST AND OUTDOOR RECREATION,LNR,LNR,Operating,A,2026,4812230.0,,,,Culture and Recreation,,,General Funds
LNR806,PARKS ADMINISTRATION AND OPERATION,LNR,LNR,Capital Improvement,C,2026,8400000.0,,,,Culture and Recreation,,,General Obligation Bond Fund
LNR806,PARKS ADMINISTRATION AND OPERATION,LNR,LNR,Operating,B,2026,31094536.0,,,,Culture and Recreation,,,Special Funds
LNR806,PARKS ADMINISTRATION AND OPERATION,LNR,LNR,Operating,A,2026,12886065.0,,,,Culture and Recreation,,,General Funds
LNR806,PARKS ADMINISTRATION AND OPERATION,LNR,LNR,Capital Improvement,N,2026,750000.0,,,,Culture and Recreation,,Investment Capital - Fund Type: N,Federal Funds
LNR810,PREVENTION OF NATURAL DISASTERS,LNR,LNR,Operating,A,2026,110000.0,,,,Public Safety,,,General Funds
LNR810,PREVENTION OF NATURAL DISASTERS,LNR,LNR,Operating,B,2026,7660556.0,,,,Public Safety,,,Special Funds
LNR810,PREVENTION OF NATURAL DISASTERS,LNR,LNR,Operating,P,2026,10522413.0,,,,Public Safety,,,Other Federal Funds
LNR906,LNR - NATURAL AND PHYSICAL ENVIRONMENT,LNR,LNR,Operating,P,2026,116466.0,,,,Environment,,,Other Federal Funds
LNR906,LNR - NATURAL AND PHYSICAL ENVIRONMENT,LNR,LNR,Operating,B,2026,3475827.0,,,,Environment,,,Special Funds
LNR906,LNR - NATURAL AND PHYSICAL ENVIRONMENT,LNR,LNR,Operating,A,2026,7011321.0,,,,Environment,,,General Funds
LNR907,AHA MOKU ADVISORY COMMITTEE,LNR,LNR,Operating,A,2026,286300.0,,,,Environment,,,General Funds
LNR908,KAHOOLAWE ISLAND RESERVE COMMISSION,LNR,LNR,Operating,A,2026,1845510.0,,,,Environment,,,General Funds
LNR909,MAUNA KEA STEWARDSHIP & OVERSIGHT AUTHORITY,LNR,LNR,Operating,A,2026,14000800.0,,,,Environment,,,General Funds
LTG100,OFFICE OF THE LIEUTENANT GOVERNOR,LTG,LTG,Operating,B,2026,312000.0,,,,Government Operations,,,Special Funds
LTG100,OFFICE OF THE LIEUTENANT GOVERNOR,LTG,LTG,Operating,A,2026,2251665.0,,,,Government Operations,,,General Funds
PSD402,HALAWA CORRECTIONAL FACILITY,PSD,PSD,Operating,A,2026,39211885.0,,,,Public Safety,,,General Funds
PSD403,KULANI CORRECTIONAL FACILITY,PSD,PSD,Operating,A,2026,7099249.0,,,,Public Safety,,,General Funds
PSD404,WAIAWA CORRECTIONAL FACILITY,PSD,PSD,Operating,A,2026,9032631.0,,,,Public Safety,,,General Funds
PSD405,HAWAII COMMUNITY CORRECTIONAL CENTER,PSD,PSD,Operating,A,2026,15855815.0,,,,Public Safety,,,General Funds
PSD406,MAUI COMMUNITY CORRECTIONAL CENTER,PSD,PSD,Operating,A,2026,16652787.0,,,,Public Safety,,,General Funds
PSD407,OAHU COMMUNITY CORRECTIONAL CENTER,PSD,PSD,Operating,A,2026,43886972.0,,,,Public Safety,,,General Funds
PSD408,KAUAI COMMUNITY CORRECTIONAL CENTER,PSD,PSD,Operating,A,2026,6628031.0,,,,Public Safety,,,General Funds
PSD409,WOMEN'S COMMUNITY CORRECTIONAL CENTER,PSD,PSD,Operating,A,2026,20991799.0,,,,Public Safety,,,General Funds
PSD410,INTAKE SERVICE CENTERS,PSD,PSD,Operating,A,2026,5891809.0,,,,Public Safety,,,General Funds
PSD420,CORRECTIONS PROGRAM SERVICES,PSD,PSD,Operating,N,2026,1045989.0,,,,Public Safety,,,Federal Funds
PSD420,CORRECTIONS PROGRAM SERVICES,PSD,PSD,Operating,A,2026,26143271.0,,,,Public Safety,,,General Funds
PSD421,HEALTH CARE,PSD,PSD,Operating,A,2026,38877361.0,,,,Public Safety,,,General Funds
PSD422,HAWAII CORRECTIONAL INDUSTRIES,PSD,PSD,Operating,W,2026,10884725.0,,,,Public Safety,,,Revolving Funds
PSD611,ADULT PAROLE DETERMINATIONS,PSD,PSD,Operating,A,2026,569373.0,,,,Public Safety,,,General Funds
PSD612,ADULT PAROLE SUPERVISION AND COUNSELING,PSD,PSD,Operating,A,2026,5211808.0,,,,Public Safety,,,General Funds
PSD613,CRIME VICTIM COMPENSATION COMMISSION,PSD,PSD,Operating,A,2026,1125638.0,,,,Public Safety,,,General Funds
PSD613,CRIME VICTIM COMPENSATION COMMISSION,PSD,PSD,Operating,P,2026,859315.0,,,,Public Safety,,,Other Federal Funds
PSD613,CRIME VICTIM COMPENSATION COMMISSION,PSD,PSD,Operating,B,2026,1186017.0,,,,Public Safety,,,Special Funds
PSD808,NON-STATE FACILITIES,PSD,PSD,Operating,A,2026,42589908.0,,,,Public Safety,,,General Funds
PSD900,GENERAL ADMINISTRATION,PSD,PSD,Operating,B,2026,1331967.0,,,,Public Safety,,,Special Funds
PSD900,GENERAL ADMINISTRATION,PSD,PSD,Operating,A,2026,25287667.0,,,,Public Safety,,,General Funds
PSD900,GENERAL ADMINISTRATION,PSD,PSD,Capital Improvement,C,2026,10000000.0,,,,Public Safety,,Investment Capital - Fund Type: C,General Obligation Bond Fund
PSD900,GENERAL ADMINISTRATION,PSD,PSD,Operating,T,2026,75065.0,,,,Public Safety,,,Trust Funds
PSD900,GENERAL ADMINISTRATION,AGS,AGS,Capital Improvement,C,2026,64750000.0,,,,Public Safety,,,General Obligation Bond Fund
SUB201,CITY AND COUNTY OF HONOLULU,CCH,CCH,Capital Improvement,S,2026,8000000.0,,,,Government Operations,,Investment Capital - Fund Type: S,County Funds
SUB201,CITY AND COUNTY OF HONOLULU,CCH,CCH,Capital Improvement,C,2026,2000000.0,,,,Government Operations,,,General Obligation Bond Fund
SUB301,COUNTY OF HAWAII,COH,COH,Capital Improvement,C,2026,3500000.0,,,,Government Operations,,,General Obligation Bond Fund
SUB301,COUNTY OF HAWAII,COH,COH,Capital Improvement,S,2026,3500000.0,,,,Government Operations,,Investment Capital - Fund Type: S,County Funds
SUB501,COUNTY OF KAUAI,COK,COK,Capital Improvement,S,2026,13000000.0,,,,Government Operations,,Investment Capital - Fund Type: S,County Funds
SUB501,COUNTY OF KAUAI,COK,COK,Capital Improvement,C,2026,13000000.0,,,,Government Operations,,,General Obligation Bond Fund
TAX100,COMPLIANCE,TAX,TAX,Operating,A,2026,10613723.0,,,,Government Operations,,,General Funds
TAX103,TAX COLLECTION SERVICES OFFICE,TAX,TAX,Operating,A,2026,3427288.0,,,,Government Operations,,,General Funds
TAX105,TAX SERVICES AND PROCESSING,TAX,TAX,Operating,A,2026,7116185.0,,,,Government Operations,,,General Funds
TAX107,SUPPORTING SERVICES - REVENUE COLLECTION,TAX,TAX,Operating,B,2026,3629626.0,,,,Government Operations,,,Special Funds
TAX107,SUPPORTING SERVICES - REVENUE COLLECTION,TAX,TAX,Operating,A,2026,18528791.0,,,,Government Operations,,,General Funds
TRN102,DANIEL K. INOUYE INTERNATIONAL AIRPORT,TRN,TRN,Operating,B,2026,283790642.0,,,,Transportation,,,Special Funds
TRN102,DANIEL K. INOUYE INTERNATIONAL AIRPORT,TRN,TRN,Capital Improvement,E,2026,17061000.0,,,,Transportation,,,Revenue Bond Funds
TRN102,DANIEL K. INOUYE INTERNATIONAL AIRPORT,TRN,TRN,Capital Improvement,N,2026,1000.0,,,,Transportation,,Investment Capital - Fund Type: N,Federal Funds
TRN104,GENERAL AVIATION,TRN,TRN,Operating,B,2026,19811421.0,,,,Transportation,,,Special Funds
TRN111,HILO INTERNATIONAL AIRPORT,TRN,TRN,Capital Improvement,N,2026,1000.0,,,,Transportation,,Investment Capital - Fund Type: N,Federal Funds
TRN111,HILO INTERNATIONAL AIRPORT,TRN,TRN,Operating,B,2026,26440201.0,,,,Transportation,,,Special Funds
TRN111,HILO INTERNATIONAL AIRPORT,TRN,TRN,Capital Improvement,E,2026,26000000.0,,,,Transportation,,,Revenue Bond Funds
TRN114,ELLISON ONIZUKA KONA INTERNATIONAL AIRPORT AT KEAHOLE,TRN,TRN,Capital Improvement,E,2026,137045000.0,,,,Transportation,,,Revenue Bond Funds
TRN114,ELLISON ONIZUKA KONA INTERNATIONAL AIRPORT AT KEAHOLE,TRN,TRN,Capital Improvement,N,2026,10000000.0,,,,Transportation,,Investment Capital - Fund Type: N,Federal Funds
TRN114,ELLISON ONIZUKA KONA INTERNATIONAL AIRPORT AT KEAHOLE,TRN,TRN,Operating,B,2026,34282904.0,,,,Transportation,,,Special Funds
TRN116,WAIMEA-KOHALA AIRPORT,TRN,TRN,Operating,B,2026,1338058.0,,,,Transportation,,,Special Funds
TRN118,UPOLU AIRPORT,TRN,TRN,Operating,B,2026,51100.0,,,,Transportation,,,Special Funds
TRN131,KAHULUI AIRPORT,TRN,TRN,Operating,B,2026,52283111.0,,,,Transportation,,,Special Funds
TRN131,KAHULUI AIRPORT,TRN,TRN,Capital Improvement,E,2026,52250000.0,,,,Transportation,,,Revenue Bond Funds
TRN131,KAHULUI AIRPORT,TRN,TRN,Capital Improvement,N,2026,5000000.0,,,,Transportation,,Investment Capital - Fund Type: N,Federal Funds
TRN133,HANA AIRPORT,TRN,TRN,Operating,B,2026,762108.0,,,,Transportation,,,Special Funds
TRN135,KAPALUA AIRPORT,TRN,TRN,Operating,B,2026,3133189.0,,,,Transportation,,,Special Funds
TRN141,MOLOKAI AIRPORT,TRN,TRN,Capital Improvement,E,2026,6230000.0,,,,Transportation,,,Revenue Bond Funds
TRN141,MOLOKAI AIRPORT,TRN,TRN,Capital Improvement,N,2026,2000000.0,,,,Transportation,,Investment Capital - Fund Type: N,Federal Funds
TRN141,MOLOKAI AIRPORT,TRN,TRN,Operating,B,2026,3993273.0,,,,Transportation,,,Special Funds
TRN143,KALAUPAPA AIRPORT,TRN,TRN,Operating,B,2026,520929.0,,,,Transportation,,,Special Funds
TRN151,LANAI AIRPORT,TRN,TRN,Operating,B,2026,4575622.0,,,,Transportation,,,Special Funds
TRN161,LIHUE AIRPORT,TRN,TRN,Operating,B,2026,32974694.0,,,,Transportation,,,Special Funds
TRN161,LIHUE AIRPORT,TRN,TRN,Capital Improvement,E,2026,9225000.0,,,,Transportation,,,Revenue Bond Funds
TRN161,LIHUE AIRPORT,TRN,TRN,Capital Improvement,N,2026,1000.0,,,,Transportation,,Investment Capital - Fund Type: N,Federal Funds
TRN163,PORT ALLEN AIRPORT,TRN,TRN,Operating,B,2026,1841.0,,,,Transportation,,,Special Funds
TRN195,AIRPORTS ADMINISTRATION,TRN,TRN,Capital Improvement,B,2026,7500000.0,,,,Transportation,,,Special Funds
TRN195,AIRPORTS ADMINISTRATION,TRN,TRN,Capital Improvement,X,2026,301200000.0,,,,Transportation,,Investment Capital - Fund Type: X,Other Funds
TRN195,AIRPORTS ADMINISTRATION,TRN,TRN,Capital Improvement,E,2026,294381000.0,,,,Transportation,,Investment Capital - Fund Type: E,Revenue Bond Funds
TRN195,AIRPORTS ADMINISTRATION,TRN,TRN,Operating,B,2026,476268398.0,,,,Transportation,,,Special Funds
TRN195,AIRPORTS ADMINISTRATION,TRN,TRN,Capital Improvement,N,2026,1802000.0,,,,Transportation,,Investment Capital - Fund Type: N,Federal Funds
TRN301,HONOLULU HARBOR,TRN,TRN,Capital Improvement,R,2026,4000.0,,,,Transportation,,Investment Capital - Fund Type: R,Private Contributions
TRN301,HONOLULU HARBOR,TRN,TRN,Capital Improvement,N,2026,4000.0,,,,Transportation,,Investment Capital - Fund Type: N,Federal Funds
TRN301,HONOLULU HARBOR,TRN,TRN,Capital Improvement,B,2026,24992000.0,,,,Transportation,,,Special Funds
TRN301,HONOLULU HARBOR,TRN,TRN,Operating,B,2026,33294730.0,,,,Transportation,,,Special Funds
TRN303,KALAELOA BARBERS POINT HARBOR,TRN,TRN,Capital Improvement,N,2026,4000.0,,,,Transportation,,Investment Capital - Fund Type: N,Federal Funds
TRN303,KALAELOA BARBERS POINT HARBOR,TRN,TRN,Capital Improvement,B,2026,4000.0,,,,Transportation,,,Special Funds
TRN303,KALAELOA BARBERS POINT HARBOR,TRN,TRN,Operating,B,2026,2258009.0,,,,Transportation,,,Special Funds
TRN303,KALAELOA BARBERS POINT HARBOR,TRN,TRN,Capital Improvement,R,2026,4000.0,,,,Transportation,,Investment Capital - Fund Type: R,Private Contributions
TRN311,HILO HARBOR,TRN,TRN,Operating,B,2026,4733388.0,,,,Transportation,,,Special Funds
TRN311,HILO HARBOR,TRN,TRN,Capital Improvement,B,2026,4000.0,,,,Transportation,,,Special Funds
TRN311,HILO HARBOR,TRN,TRN,Capital Improvement,N,2026,4000.0,,,,Transportation,,Investment Capital - Fund Type: N,Federal Funds
TRN311,HILO HARBOR,TRN,TRN,Capital Improvement,R,2026,4000.0,,,,Transportation,,Investment Capital - Fund Type: R,Private Contributions
TRN313,KAWAIHAE HARBOR,TRN,TRN,Operating,B,2026,2585678.0,,,,Transportation,,,Special Funds
TRN331,KAHULUI HARBOR,TRN,TRN,Operating,B,2026,6732925.0,,,,Transportation,,,Special Funds
TRN331,KAHULUI HARBOR,TRN,TRN,Capital Improvement,B,2026,4000.0,,,,Transportation,,,Special Funds
TRN331,KAHULUI HARBOR,TRN,TRN,Capital Improvement,N,2026,4000.0,,,,Transportation,,Investment Capital - Fund Type: N,Federal Funds
TRN331,KAHULUI HARBOR,TRN,TRN,Capital Improvement,R,2026,4000.0,,,,Transportation,,Investment Capital - Fund Type: R,Private Contributions
TRN333,HANA HARBOR,TRN,TRN,Operating,B,2026,13519.0,,,,Transportation,,,Special Funds
TRN341,KAUNAKAKAI HARBOR,TRN,TRN,Capital Improvement,R,2026,4000.0,,,,Transportation,,Investment Capital - Fund Type: R,Private Contributions
TRN341,KAUNAKAKAI HARBOR,TRN,TRN,Capital Improvement,N,2026,4000.0,,,,Transportation,,Investment Capital - Fund Type: N,Federal Funds
TRN341,KAUNAKAKAI HARBOR,TRN,TRN,Capital Improvement,B,2026,4000.0,,,,Transportation,,,Special Funds
TRN341,KAUNAKAKAI HARBOR,TRN,TRN,Operating,B,2026,834558.0,,,,Transportation,,,Special Funds
TRN351,KAUMALAPAU HARBOR,TRN,TRN,Capital Improvement,B,2026,4000.0,,,,Transportation,,,Special Funds
TRN351,KAUMALAPAU HARBOR,TRN,TRN,Capital Improvement,N,2026,4000.0,,,,Transportation,,Investment Capital - Fund Type: N,Federal Funds
TRN351,KAUMALAPAU HARBOR,TRN,TRN,Operating,B,2026,514295.0,,,,Transportation,,,Special Funds
TRN351,KAUMALAPAU HARBOR,TRN,TRN,Capital Improvement,R,2026,4000.0,,,,Transportation,,Investment Capital - Fund Type: R,Private Contributions
TRN361,NAWILIWILI HARBOR,TRN,TRN,Capital Improvement,N,2026,4000.0,,,,Transportation,,Investment Capital - Fund Type: N,Federal Funds
TRN361,NAWILIWILI HARBOR,TRN,TRN,Capital Improvement,R,2026,4000.0,,,,Transportation,,Investment Capital - Fund Type: R,Private Contributions
TRN361,NAWILIWILI HARBOR,TRN,TRN,Capital Improvement,B,2026,9992000.0,,,,Transportation,,,Special Funds
TRN361,NAWILIWILI HARBOR,TRN,TRN,Operating,B,2026,4579638.0,,,,Transportation,,,Special Funds
TRN363,PORT ALLEN HARBOR,TRN,TRN,Operating,B,2026,255870.0,,,,Transportation,,,Special Funds
TRN395,HARBORS ADMINISTRATION,TRN,TRN,Capital Improvement,N,2026,4000.0,,,,Transportation,,Investment Capital - Fund Type: N,Federal Funds
TRN395,HARBORS ADMINISTRATION,TRN,TRN,Capital Improvement,R,2026,4000.0,,,,Transportation,,Investment Capital - Fund Type: R,Private Contributions
TRN395,HARBORS ADMINISTRATION,TRN,TRN,Operating,N,2026,25000000.0,,,,Transportation,,,Federal Funds
TRN395,HARBORS ADMINISTRATION,TRN,TRN,Operating,B,2026,122924440.0,,,,Transportation,,,Special Funds
TRN395,HARBORS ADMINISTRATION,TRN,TRN,Capital Improvement,B,2026,17492000.0,,,,Transportation,,,Special Funds
TRN501,OAHU HIGHWAYS,TRN,TRN,Operating,B,2026,97979039.0,,,,Transportation,,,Special Funds
TRN501,OAHU HIGHWAYS,TRN,TRN,Capital Improvement,C,2026,5445000.0,,,,Transportation,,,General Obligation Bond Fund
TRN501,OAHU HIGHWAYS,TRN,TRN,Capital Improvement,E,2026,14898000.0,,,,Transportation,,Investment Capital - Fund Type: E,Revenue Bond Funds
TRN501,OAHU HIGHWAYS,TRN,TRN,Capital Improvement,N,2026,22134000.0,,,,Transportation,,Investment Capital - Fund Type: N,Federal Funds
TRN511,HAWAII HIGHWAYS,TRN,TRN,Operating,B,2026,25508570.0,,,,Transportation,,,Special Funds
TRN511,HAWAII HIGHWAYS,TRN,TRN,Capital Improvement,E,2026,4500000.0,,,,Transportation,,,Revenue Bond Funds
TRN511,HAWAII HIGHWAYS,TRN,TRN,Capital Improvement,S,2026,1000000.0,,,,Transportation,,Investment Capital - Fund Type: S,County Funds
TRN531,MAUI HIGHWAYS,TRN,TRN,Capital Improvement,B,2026,1000000.0,,,,Transportation,,,Special Funds
TRN531,MAUI HIGHWAYS,TRN,TRN,Capital Improvement,E,2026,5000000.0,,,,Transportation,,Investment Capital - Fund Type: E,Revenue Bond Funds
TRN531,MAUI HIGHWAYS,TRN,TRN,Capital Improvement,N,2026,4001000.0,,,,Transportation,,Investment Capital - Fund Type: N,Federal Funds
TRN531,MAUI HIGHWAYS,TRN,TRN,Operating,B,2026,28978093.0,,,,Transportation,,,Special Funds
TRN561,KAUAI HIGHWAYS,TRN,TRN,Operating,B,2026,15191701.0,,,,Transportation,,,Special Funds
TRN561,KAUAI HIGHWAYS,TRN,TRN,Capital Improvement,E,2026,1000000.0,,,,Transportation,,,Revenue Bond Funds
TRN561,KAUAI HIGHWAYS,TRN,TRN,Capital Improvement,N,2026,4000000.0,,,,Transportation,,Investment Capital - Fund Type: N,Federal Funds
TRN595,HIGHWAYS ADMINISTRATION,TRN,TRN,Operating,A,2026,20000000.0,,,,Transportation,,,General Funds
TRN595,HIGHWAYS ADMINISTRATION,TRN,TRN,Operating,B,2026,229186637.0,,,,Transportation,,,Special Funds
TRN595,HIGHWAYS ADMINISTRATION,TRN,TRN,Capital Improvement,E,2026,156684000.0,,,,Transportation,,Investment Capital - Fund Type: E,Revenue Bond Funds
TRN595,HIGHWAYS ADMINISTRATION,TRN,TRN,Operating,N,2026,15763634.0,,,,Transportation,,,Federal Funds
TRN595,HIGHWAYS ADMINISTRATION,TRN,TRN,Capital Improvement,B,2026,22721000.0,,,,Transportation,,,Special Funds
TRN595,HIGHWAYS ADMINISTRATION,TRN,TRN,Capital Improvement,C,2026,1000000.0,,,,Transportation,,Investment Capital - Fund Type: C,General Obligation Bond Fund
TRN595,HIGHWAYS ADMINISTRATION,TRN,TRN,Capital Improvement,S,2026,700000.0,,,,Transportation,,Investment Capital - Fund Type: S,County Funds
TRN595,HIGHWAYS ADMINISTRATION,TRN,TRN,Capital Improvement,N,2026,614705000.0,,,,Transportation,,Investment Capital - Fund Type: N,Federal Funds
TRN597,HIGHWAYS SAFETY,TRN,TRN,Operating,P,2026,1214379.0,,,,Transportation,,,Other Federal Funds
TRN597,HIGHWAYS SAFETY,TRN,TRN,Operating,N,2026,6495670.0,,,,Transportation,,,Federal Funds
TRN597,HIGHWAYS SAFETY,TRN,TRN,Operating,B,2026,12319296.0,,,,Transportation,,,Special Funds
TRN695,ALOHA TOWER DEVELOPMENT CORPORATION,TRN,TRN,Operating,B,2026,1842580.0,,,,Transportation,,,Special Funds
TRN995,GENERAL ADMINISTRATION,TRN,TRN,Operating,R,2026,743067.0,,,,Transportation,,,Private Contributions
TRN995,GENERAL ADMINISTRATION,TRN,TRN,Operating,N,2026,12784696.0,,,,Transportation,,,Federal Funds
TRN995,GENERAL ADMINISTRATION,TRN,TRN,Operating,B,2026,33851577.0,,,,Transportation,,,Special Funds
TRN995,GENERAL ADMINISTRATION,TRN,TRN,Operating,A,2026,350000.0,,,,Transportation,,,General Funds
UOH100,"UNIVERSITY OF HAWAII, MANOA",UOH,UOH,Capital Improvement,E,2026,30750000.0,,,,Education,,Investment Capital - Fund Type: E,Revenue Bond Funds
UOH100,"UNIVERSITY OF HAWAII, MANOA",UOH,UOH,Capital Improvement,C,2026,59750000.0,,,,Education,,,General Obligation Bond Fund
UOH100,"UNIVERSITY OF HAWAII, MANOA",UOH,UOH,Operating,W,2026,65569059.0,,,,Education,,,Revolving Funds
UOH100,"UNIVERSITY OF HAWAII, MANOA",UOH,UOH,Operating,N,2026,6873565.0,,,,Education,,,Federal Funds
UOH100,"UNIVERSITY OF HAWAII, MANOA",UOH,UOH,Operating,B,2026,361552962.0,,,,Education,,,Special Funds
UOH100,"UNIVERSITY OF HAWAII, MANOA",UOH,UOH,Operating,A,2026,290419091.0,,,,Education,,,General Funds
UOH110,"UNIVERSITY OF HAWAII, JOHN A. BURNS SCHOOL OF MEDICINE",UOH,UOH,Operating,B,2026,28917688.0,,,,Education,,,Special Funds
UOH110,"UNIVERSITY OF HAWAII, JOHN A. BURNS SCHOOL OF MEDICINE",UOH,UOH,Operating,W,2026,8010453.0,,,,Education,,,Revolving Funds
UOH110,"UNIVERSITY OF HAWAII, JOHN A. BURNS SCHOOL OF MEDICINE",UOH,UOH,Operating,A,2026,27613321.0,,,,Education,,,General Funds
UOH115,"UNIVERSITY OF HAWAII, CANCER CENTER",UOH,UOH,Operating,A,2026,3797693.0,,,,Education,,,General Funds
UOH210,"UNIVERSITY OF HAWAII, HILO",UOH,UOH,Capital Improvement,C,2026,15000000.0,,,,Education,,,General Obligation Bond Fund
UOH210,"UNIVERSITY OF HAWAII, HILO",UOH,UOH,Operating,W,2026,7489592.0,,,,Education,,,Revolving Funds
UOH210,"UNIVERSITY OF HAWAII, HILO",UOH,UOH,Operating,N,2026,443962.0,,,,Education,,,Federal Funds
UOH210,"UNIVERSITY OF HAWAII, HILO",UOH,UOH,Operating,B,2026,44435015.0,,,,Education,,,Special Funds
UOH210,"UNIVERSITY OF HAWAII, HILO",UOH,UOH,Operating,A,2026,50610150.0,,,,Education,,,General Funds
UOH220,SMALL BUSINESS DEVELOPMENT,UOH,UOH,Operating,A,2026,978941.0,,,,Education,,,General Funds
UOH700,"UNIVERSITY OF HAWAII, WEST OAHU",UOH,UOH,Operating,W,2026,2097704.0,,,,Education,,,Revolving Funds
UOH700,"UNIVERSITY OF HAWAII, WEST OAHU",UOH,UOH,Operating,A,2026,23838504.0,,,,Education,,,General Funds
UOH700,"UNIVERSITY OF HAWAII, WEST OAHU",UOH,UOH,Capital Improvement,C,2026,6500000.0,,,,Education,,,General Obligation Bond Fund
UOH700,"UNIVERSITY OF HAWAII, WEST OAHU",UOH,UOH,Operating,N,2026,802037.0,,,,Education,,,Federal Funds
UOH700,"UNIVERSITY OF HAWAII, WEST OAHU",UOH,UOH,Operating,B,2026,22028269.0,,,,Education,,,Special Funds
UOH800,"UNIVERSITY OF HAWAII, COMMUNITY COLLEGES",UOH,UOH,Operating,B,2026,75650296.0,,,,Education,,,Special Funds
UOH800,"UNIVERSITY OF HAWAII, COMMUNITY COLLEGES",UOH,UOH,Capital Improvement,C,2026,45000000.0,,,,Education,,,General Obligation Bond Fund
UOH800,"UNIVERSITY OF HAWAII, COMMUNITY COLLEGES",UOH,UOH,Operating,W,2026,31826332.0,,,,Education,,,Revolving Funds
UOH800,"UNIVERSITY OF HAWAII, COMMUNITY COLLEGES",UOH,UOH,Operating,N,2026,4428296.0,,,,Education,,,Federal Funds
UOH800,"UNIVERSITY OF HAWAII, COMMUNITY COLLEGES",UOH,UOH,Operating,A,2026,192200937.0,,,,Education,,,General Funds
UOH881,AQUARIA,UOH,UOH,Operating,B,2026,3517717.0,,,,Culture and Recreation,,,Special Funds
UOH881,AQUARIA,UOH,UOH,Operating,A,2026,919917.0,,,,Culture and Recreation,,,General Funds
UOH881,AQUARIA,UOH,UOH,Capital Improvement,C,2026,1702000.0,,,,Culture and Recreation,,,General Obligation Bond Fund
UOH881,AQUARIA,UOH,UOH,Operating,W,2026,996530.0,,,,Culture and Recreation,,,Revolving Funds
UOH900,"UNIVERSITY OF HAWAII, SYSTEMWIDE SUPPORT",UOH,UOH,Capital Improvement,C,2026,50504000.0,,,,Education,,,General Obligation Bond Fund
UOH900,"UNIVERSITY OF HAWAII, SYSTEMWIDE SUPPORT",UOH,UOH,Operating,W,2026,18501700.0,,,,Education,,,Revolving Funds
UOH900,"UNIVERSITY OF HAWAII, SYSTEMWIDE SUPPORT",UOH,UOH,Operating,N,2026,1094875.0,,,,Education,,,Federal Funds
UOH900,"UNIVERSITY OF HAWAII, SYSTEMWIDE SUPPORT",UOH,UOH,Operating,B,2026,24242602.0,,,,Education,,,Special Funds
UOH900,"UNIVERSITY OF HAWAII, SYSTEMWIDE SUPPORT",UOH,UOH,Operating,A,2026,65093776.0,,,,Education,,,General Funds
